{
  "training_config": {
    "model_family": "XGBoost",
    "training_mode": "GT-only (no heuristic, no biquality)",
    "n_heuristic_samples": 0,
    "n_gt_samples": 201,
    "n_features": 157,
    "threshold_for_metrics": 0.5,
    "n_test_samples": 488,
    "n_dimensions": 8,
    "seeds": [
      42,
      123,
      456,
      789,
      1024
    ]
  },
  "per_seed": {
    "42": {
      "seed": 42,
      "micro_f1": 0.9079535299374442,
      "macro_f1": 0.9049279245785147,
      "hamming_loss": 0.026383196721311477,
      "subset_accuracy": 0.8483606557377049,
      "micro_f1_ci": [
        0.8865430677969273,
        0.9283819628647215
      ],
      "macro_f1_ci": [
        0.880276935486533,
        0.9261602059131252
      ],
      "per_label": {
        "access_granularity": {
          "f1": 0.935064935064935,
          "precision": 0.9473684210526315,
          "recall": 0.9230769230769231,
          "support": 156
        },
        "metadata_intensity": {
          "f1": 1.0,
          "precision": 1.0,
          "recall": 1.0,
          "support": 65
        },
        "parallelism_efficiency": {
          "f1": 0.9615384615384616,
          "precision": 0.9259259259259259,
          "recall": 1.0,
          "support": 50
        },
        "access_pattern": {
          "f1": 0.8928571428571429,
          "precision": 0.9259259259259259,
          "recall": 0.8620689655172413,
          "support": 29
        },
        "interface_choice": {
          "f1": 0.8270676691729323,
          "precision": 0.8088235294117647,
          "recall": 0.8461538461538461,
          "support": 65
        },
        "file_strategy": {
          "f1": 0.9387755102040817,
          "precision": 0.8846153846153846,
          "recall": 1.0,
          "support": 46
        },
        "throughput_utilization": {
          "f1": 0.7727272727272727,
          "precision": 0.68,
          "recall": 0.8947368421052632,
          "support": 57
        },
        "healthy": {
          "f1": 0.9113924050632911,
          "precision": 0.9,
          "recall": 0.9230769230769231,
          "support": 78
        }
      },
      "train_time_seconds": 12.968830347061157
    },
    "123": {
      "seed": 123,
      "micro_f1": 0.9077887197851388,
      "macro_f1": 0.905567590602389,
      "hamming_loss": 0.026383196721311477,
      "subset_accuracy": 0.8524590163934426,
      "micro_f1_ci": [
        0.8858447488584474,
        0.9285083848190644
      ],
      "macro_f1_ci": [
        0.8806179953080788,
        0.9269270938375672
      ],
      "per_label": {
        "access_granularity": {
          "f1": 0.9342105263157895,
          "precision": 0.9594594594594594,
          "recall": 0.9102564102564102,
          "support": 156
        },
        "metadata_intensity": {
          "f1": 1.0,
          "precision": 1.0,
          "recall": 1.0,
          "support": 65
        },
        "parallelism_efficiency": {
          "f1": 0.9607843137254902,
          "precision": 0.9423076923076923,
          "recall": 0.98,
          "support": 50
        },
        "access_pattern": {
          "f1": 0.8928571428571429,
          "precision": 0.9259259259259259,
          "recall": 0.8620689655172413,
          "support": 29
        },
        "interface_choice": {
          "f1": 0.8270676691729323,
          "precision": 0.8088235294117647,
          "recall": 0.8461538461538461,
          "support": 65
        },
        "file_strategy": {
          "f1": 0.9387755102040817,
          "precision": 0.8846153846153846,
          "recall": 1.0,
          "support": 46
        },
        "throughput_utilization": {
          "f1": 0.7851851851851852,
          "precision": 0.6794871794871795,
          "recall": 0.9298245614035088,
          "support": 57
        },
        "healthy": {
          "f1": 0.9056603773584906,
          "precision": 0.8888888888888888,
          "recall": 0.9230769230769231,
          "support": 78
        }
      },
      "train_time_seconds": 12.78127145767212
    },
    "456": {
      "seed": 456,
      "micro_f1": 0.9099018733273863,
      "macro_f1": 0.902192259717581,
      "hamming_loss": 0.025870901639344263,
      "subset_accuracy": 0.8545081967213115,
      "micro_f1_ci": [
        0.8885016656826547,
        0.9302335844331779
      ],
      "macro_f1_ci": [
        0.8762193265606729,
        0.924254406649951
      ],
      "per_label": {
        "access_granularity": {
          "f1": 0.9407894736842105,
          "precision": 0.9662162162162162,
          "recall": 0.9166666666666666,
          "support": 156
        },
        "metadata_intensity": {
          "f1": 1.0,
          "precision": 1.0,
          "recall": 1.0,
          "support": 65
        },
        "parallelism_efficiency": {
          "f1": 0.9514563106796117,
          "precision": 0.9245283018867925,
          "recall": 0.98,
          "support": 50
        },
        "access_pattern": {
          "f1": 0.8333333333333334,
          "precision": 0.8064516129032258,
          "recall": 0.8620689655172413,
          "support": 29
        },
        "interface_choice": {
          "f1": 0.835820895522388,
          "precision": 0.8115942028985508,
          "recall": 0.8615384615384616,
          "support": 65
        },
        "file_strategy": {
          "f1": 0.9387755102040817,
          "precision": 0.8846153846153846,
          "recall": 1.0,
          "support": 46
        },
        "throughput_utilization": {
          "f1": 0.8059701492537313,
          "precision": 0.7012987012987013,
          "recall": 0.9473684210526315,
          "support": 57
        },
        "healthy": {
          "f1": 0.9113924050632911,
          "precision": 0.9,
          "recall": 0.9230769230769231,
          "support": 78
        }
      },
      "train_time_seconds": 13.299691438674927
    },
    "789": {
      "seed": 789,
      "micro_f1": 0.9086021505376344,
      "macro_f1": 0.9036084532371262,
      "hamming_loss": 0.02612704918032787,
      "subset_accuracy": 0.8483606557377049,
      "micro_f1_ci": [
        0.8870822041553749,
        0.9288256227758007
      ],
      "macro_f1_ci": [
        0.8790002724500998,
        0.924783139197147
      ],
      "per_label": {
        "access_granularity": {
          "f1": 0.9306930693069307,
          "precision": 0.9591836734693877,
          "recall": 0.9038461538461539,
          "support": 156
        },
        "metadata_intensity": {
          "f1": 1.0,
          "precision": 1.0,
          "recall": 1.0,
          "support": 65
        },
        "parallelism_efficiency": {
          "f1": 0.9514563106796117,
          "precision": 0.9245283018867925,
          "recall": 0.98,
          "support": 50
        },
        "access_pattern": {
          "f1": 0.8333333333333334,
          "precision": 0.8064516129032258,
          "recall": 0.8620689655172413,
          "support": 29
        },
        "interface_choice": {
          "f1": 0.8333333333333334,
          "precision": 0.8208955223880597,
          "recall": 0.8461538461538461,
          "support": 65
        },
        "file_strategy": {
          "f1": 0.968421052631579,
          "precision": 0.9387755102040817,
          "recall": 1.0,
          "support": 46
        },
        "throughput_utilization": {
          "f1": 0.8059701492537313,
          "precision": 0.7012987012987013,
          "recall": 0.9473684210526315,
          "support": 57
        },
        "healthy": {
          "f1": 0.9056603773584906,
          "precision": 0.8888888888888888,
          "recall": 0.9230769230769231,
          "support": 78
        }
      },
      "train_time_seconds": 12.838547468185425
    },
    "1024": {
      "seed": 1024,
      "micro_f1": 0.9100719424460432,
      "macro_f1": 0.9047800650632672,
      "hamming_loss": 0.025614754098360656,
      "subset_accuracy": 0.8565573770491803,