{
  "llama-3.1-70b-instruct": {
    "n_valid": 488,
    "n_errors": 0,
    "n_parse_errors": 4,
    "n_healthy": 78,
    "n_traces_with_recs": 406,
    "groundedness_mean": 0.8288934426229508,
    "groundedness_std": 0.3759212794158593,
    "rec_precision_mean": 0.9207717569786537,
    "rec_precision_std": 0.241332180982584,
    "latency_mean_ms": 16632.251229508194,
    "latency_std_ms": 7565.69860457885,
    "tokens_mean": 1739.9426229508197,
    "avg_recommendations": 1.0227272727272727
  }
}