{
  "training_config": {
    "model_family": "XGBoost",
    "biquality_weight_ratio": "100:1 (GT:heuristic)",
    "n_heuristic_samples": 91807,
    "n_gt_samples": 201,
    "n_features": 157,
    "threshold_for_metrics": 0.5,
    "n_test_samples": 488,
    "n_dimensions": 8,
    "seeds": [
      42,
      123,
      456,
      789,
      1024
    ]
  },
  "per_seed": {
    "42": {
      "micro_f1": 0.9307116104868914,
      "macro_f1": 0.9292463294101403,
      "hamming_loss": 0.018954918032786885,
      "subset_accuracy": 0.8831967213114754,
      "micro_precision": 0.9521072796934866,
      "micro_recall": 0.9102564102564102,
      "macro_precision": 0.9470368829537537,
      "macro_recall": 0.9127083042486854,
      "per_label": {
        "access_granularity": {
          "f1": 0.9245901639344263,
          "precision": 0.9463087248322147,
          "recall": 0.9038461538461539,
          "support": 156
        },
        "metadata_intensity": {
          "f1": 0.984375,
          "precision": 1.0,
          "recall": 0.9692307692307692,
          "support": 65
        },
        "parallelism_efficiency": {
          "f1": 0.9591836734693877,
          "precision": 0.9791666666666666,
          "recall": 0.94,
          "support": 50
        },
        "access_pattern": {
          "f1": 0.8813559322033898,
          "precision": 0.8666666666666667,
          "recall": 0.896551724137931,
          "support": 29
        },
        "interface_choice": {
          "f1": 0.9206349206349206,
          "precision": 0.9508196721311475,
          "recall": 0.8923076923076924,
          "support": 65
        },
        "file_strategy": {
          "f1": 1.0,
          "precision": 1.0,
          "recall": 1.0,
          "support": 46
        },
        "throughput_utilization": {
          "f1": 0.8108108108108109,
          "precision": 0.8333333333333334,
          "recall": 0.7894736842105263,
          "support": 57
        },
        "healthy": {
          "f1": 0.9530201342281879,
          "precision": 1.0,
          "recall": 0.9102564102564102,
          "support": 78
        }
      }
    },
    "123": {
      "micro_f1": 0.930841121495327,
      "macro_f1": 0.9284865570600609,
      "hamming_loss": 0.018954918032786885,
      "subset_accuracy": 0.8831967213114754,
      "micro_precision": 0.950381679389313,
      "micro_recall": 0.9120879120879121,
      "macro_precision": 0.9437187011499697,
      "macro_recall": 0.9146313811717623,
      "per_label": {
        "access_granularity": {
          "f1": 0.9245901639344263,
          "precision": 0.9463087248322147,
          "recall": 0.9038461538461539,
          "support": 156
        },
        "metadata_intensity": {
          "f1": 0.984375,
          "precision": 1.0,
          "recall": 0.9692307692307692,
          "support": 65
        },
        "parallelism_efficiency": {
          "f1": 0.9591836734693877,
          "precision": 0.9791666666666666,
          "recall": 0.94,
          "support": 50
        },
        "access_pattern": {
          "f1": 0.8666666666666667,
          "precision": 0.8387096774193549,
          "recall": 0.896551724137931,
          "support": 29
        },
        "interface_choice": {
          "f1": 0.921875,
          "precision": 0.9365079365079365,
          "recall": 0.9076923076923077,
          "support": 65
        },
        "file_strategy": {
          "f1": 1.0,
          "precision": 1.0,
          "recall": 1.0,
          "support": 46
        },
        "throughput_utilization": {
          "f1": 0.8181818181818182,
          "precision": 0.8490566037735849,
          "recall": 0.7894736842105263,
          "support": 57
        },
        "healthy": {
          "f1": 0.9530201342281879,
          "precision": 1.0,
          "recall": 0.9102564102564102,
          "support": 78
        }
      }
    },
    "456": {
      "micro_f1": 0.9325842696629213,
      "macro_f1": 0.9343176048140909,
      "hamming_loss": 0.018442622950819672,
      "subset_accuracy": 0.8811475409836066,
      "micro_precision": 0.9540229885057471,
      "micro_recall": 0.9120879120879121,
      "macro_precision": 0.9553269200314691,
      "macro_recall": 0.9146313811717623,
      "per_label": {
        "access_granularity": {
          "f1": 0.9245901639344263,
          "precision": 0.9463087248322147,
          "recall": 0.9038461538461539,
          "support": 156
        },
        "metadata_intensity": {
          "f1": 0.9692307692307692,
          "precision": 0.9692307692307692,
          "recall": 0.9692307692307692,
          "support": 65
        },
        "parallelism_efficiency": {
          "f1": 0.9591836734693877,
          "precision": 0.9791666666666666,
          "recall": 0.94,
          "support": 50
        },
        "access_pattern": {
          "f1": 0.9285714285714286,
          "precision": 0.9629629629629629,
          "recall": 0.896551724137931,
          "support": 29
        },
        "interface_choice": {
          "f1": 0.9291338582677166,
          "precision": 0.9516129032258065,
          "recall": 0.9076923076923077,
          "support": 65
        },
        "file_strategy": {
          "f1": 1.0,
          "precision": 1.0,
          "recall": 1.0,
          "support": 46
        },
        "throughput_utilization": {
          "f1": 0.8108108108108109,
          "precision": 0.8333333333333334,
          "recall": 0.7894736842105263,
          "support": 57
        },
        "healthy": {
          "f1": 0.9530201342281879,
          "precision": 1.0,
          "recall": 0.9102564102564102,
          "support": 78
        }
      }
    },
    "789": {
      "micro_f1": 0.9233644859813084,
      "macro_f1": 0.9208850361574956,
      "hamming_loss": 0.021004098360655737,
      "subset_accuracy": 0.8709016393442623,
      "micro_precision": 0.9427480916030534,
      "micro_recall": 0.9047619047619048,
      "macro_precision": 0.9348297817047817,
      "macro_recall": 0.9090224068127879,
      "per_label": {
        "access_granularity": {
          "f1": 0.9210526315789473,
          "precision": 0.9459459459459459,
          "recall": 0.8974358974358975,
          "support": 156
        },
        "metadata_intensity": {
          "f1": 0.984375,
          "precision": 1.0,
          "recall": 0.9692307692307692,
          "support": 65
        },
        "parallelism_efficiency": {
          "f1": 0.9591836734693877,
          "precision": 0.9791666666666666,
          "recall": 0.94,
          "support": 50
        },
        "access_pattern": {
          "f1": 0.8524590163934426,
          "precision": 0.8125,
          "recall": 0.896551724137931,
          "support": 29
        },
        "interface_choice": {
          "f1": 0.9076923076923077,
          "precision": 0.9076923076923077,
          "recall": 0.9076923076923077,
          "support": 65
        },
        "file_strategy": {
          "f1": 1.0,
          "precision": 1.0,
          "recall": 1.0,
          "support": 46
        },
        "throughput_utilization": {
          "f1": 0.8108108108108109,
          "precision": 0.8333333333333334,
          "recall": 0.7894736842105263,
          "support": 57
        },
        "healthy": {
          "f1": 0.9315068493150684,
          "precision": 1.0,
          "recall": 0.8717948717948718,
          "support": 78
        }
      }
    },
    "1024": {
      "micro_f1": 0.9282385834109972,
      "macro_f1": 0.9300142713773345,
      "hamming_loss": 0.019723360655737706,
      "subset_accuracy": 0.8709016393442623,
      "micro_precision": 0.9449715370018975,
      "micro_recall": 0.9120879120879121,
      "macro_precision": 0.9463493602583324,
      "macro_recall": 0.9146313811717623,
      "per_label": {
        "access_granularity": {
          "f1": 0.9245901639344263,
          "precision": 0.9463087248322147,
          "recall": 0.9038461538461539,
          "support": 156
        },