{
  "gpt-4o": {
    "n_valid": 488,
    "n_errors": 0,
    "n_parse_errors": 0,
    "n_healthy": 78,
    "n_traces_with_recs": 405,
    "groundedness_mean": 0.8288934426229508,
    "groundedness_std": 0.37592127941585934,
    "rec_precision_mean": 0.9156378600823046,
    "rec_precision_std": 0.2548883625422729,
    "latency_mean_ms": 4403.356967213115,
    "latency_std_ms": 2970.156006864857,
    "tokens_mean": 1634.22131147541,
    "avg_recommendations": 1.0040983606557377
  }
}