{
  "gpt-4.1-mini": {
    "n_valid": 488,
    "n_errors": 0,
    "n_parse_errors": 0,
    "n_healthy": 78,
    "n_traces_with_recs": 405,
    "groundedness_mean": 0.8271857923497267,
    "groundedness_std": 0.37748388558756835,
    "rec_precision_mean": 0.9144032921810701,
    "rec_precision_std": 0.25244691528551605,
    "latency_mean_ms": 7696.866598360655,
    "latency_std_ms": 4275.874886194453,
    "tokens_mean": 1793.5737704918033,
    "avg_recommendations": 1.1024590163934427
  }
}