{
  "claude-sonnet": {
    "n_valid": 60,
    "n_errors": 0,
    "n_parse_errors": 0,
    "groundedness_mean": 1.0,
    "groundedness_std": 0.0,
    "latency_mean_ms": 14214.966666666669,
    "latency_std_ms": 5419.141270738587,
    "tokens_mean": 2542.75,
    "avg_recommendations": 1.4166666666666667
  },
  "gpt-4o": {
    "n_valid": 60,
    "n_errors": 0,
    "n_parse_errors": 0,
    "groundedness_mean": 0.9166666666666666,
    "groundedness_std": 0.27638539919628335,
    "latency_mean_ms": 4736.666666666667,
    "latency_std_ms": 1260.8185663378463,
    "tokens_mean": 1811.9166666666667,
    "avg_recommendations": 1.0
  },
  "llama-70b": {
    "n_valid": 60,
    "n_errors": 0,
    "n_parse_errors": 0,
    "groundedness_mean": 1.0,
    "groundedness_std": 0.0,
    "latency_mean_ms": 13326.991666666669,
    "latency_std_ms": 3709.067843914949,
    "tokens_mean": 1938.5,
    "avg_recommendations": 1.1666666666666667
  }
}