{
  "gpt-4.1-mini": {
    "groundedness_mean": 0.9967078189300411,
    "groundedness_std": 0.05233937087359267,
    "rec_precision_mean": 0.91440329218107,
    "rec_precision_std": 0.2527591564874646,
    "latency_mean_s": 8.664254320987656,
    "latency_std_s": 4.044622264585476,
    "tokens_mean": 1893.2765432098765,
    "avg_recommendations": 1.328395061728395,
    "n_with_recs": 405,
    "n_zero_recs": 83,
    "n_total": 488
  },
  "gpt-4o": {
    "groundedness_mean": 0.9987654320987654,
    "groundedness_std": 0.024845199749997663,
    "rec_precision_mean": 0.8983539094650206,
    "rec_precision_std": 0.2656489052955155,
    "latency_mean_s": 4.367061234567901,
    "latency_std_s": 1.9612075092806647,
    "tokens_mean": 1715.1925925925925,
    "avg_recommendations": 1.2419753086419754,
    "n_with_recs": 405,
    "n_zero_recs": 83,
    "n_total": 488
  },
  "claude-sonnet-4": {
    "groundedness_mean": 1.0,
    "groundedness_std": 0.0,
    "rec_precision_mean": 0.8010167029774873,
    "rec_precision_std": 0.37863096739826857,
    "latency_mean_s": 11.679667538126361,
    "latency_std_s": 2.8530432391591285,
    "tokens_mean": 2315.139433551198,
    "avg_recommendations": 1.6013071895424837,
    "n_with_recs": 459,
    "n_zero_recs": 29,
    "n_total": 488
  },
  "llama-3.1-70b-instruct": {
    "groundedness_mean": 0.9987745098039216,
    "groundedness_std": 0.024753688574416857,
    "rec_precision_mean": 0.8929738562091504,
    "rec_precision_std": 0.2635561449116014,
    "latency_mean_s": 17.8104,
    "latency_std_s": 7.38722504541435,
    "tokens_mean": 1811.637254901961,
    "avg_recommendations": 1.267156862745098,
    "n_with_recs": 408,
    "n_zero_recs": 80,
    "n_total": 488
  }
}