{
  "random_forest": [
    {
      "micro_f1": 0.9158878504672897,
      "macro_f1": 0.9146487658091275,
      "hamming_loss": 0.02305327868852459,
      "subset_accuracy": 0.8545081967213115,
      "per_dimension": {
        "access_granularity": {
          "f1": 0.9235880398671097,
          "precision": 0.9586206896551724,
          "recall": 0.8910256410256411,
          "support": 156
        },
        "metadata_intensity": {
          "f1": 1.0,
          "precision": 1.0,
          "recall": 1.0,
          "support": 65
        },
        "parallelism_efficiency": {
          "f1": 0.9504950495049505,
          "precision": 0.9411764705882353,
          "recall": 0.96,
          "support": 50
        },
        "access_pattern": {
          "f1": 0.8928571428571429,
          "precision": 0.9259259259259259,
          "recall": 0.8620689655172413,
          "support": 29
        },
        "interface_choice": {
          "f1": 0.8923076923076924,
          "precision": 0.8923076923076924,
          "recall": 0.8923076923076924,
          "support": 65
        },
        "file_strategy": {
          "f1": 0.9787234042553191,
          "precision": 0.9583333333333334,
          "recall": 1.0,
          "support": 46
        },
        "throughput_utilization": {
          "f1": 0.7964601769911505,
          "precision": 0.8035714285714286,
          "recall": 0.7894736842105263,
          "support": 57
        },
        "healthy": {
          "f1": 0.8827586206896552,
          "precision": 0.9552238805970149,
          "recall": 0.8205128205128205,
          "support": 78
        }
      },
      "seed": 42
    },
    {
      "micro_f1": 0.9159584513692163,
      "macro_f1": 0.9182164957075045,
      "hamming_loss": 0.022797131147540985,
      "subset_accuracy": 0.8483606557377049,
      "per_dimension": {
        "access_granularity": {
          "f1": 0.9174917491749175,
          "precision": 0.9455782312925171,
          "recall": 0.8910256410256411,
          "support": 156
        },
        "metadata_intensity": {
          "f1": 1.0,
          "precision": 1.0,
          "recall": 1.0,
          "support": 65
        },
        "parallelism_efficiency": {
          "f1": 0.9473684210526315,
          "precision": 1.0,
          "recall": 0.9,
          "support": 50
        },
        "access_pattern": {
          "f1": 0.9285714285714286,
          "precision": 0.9629629629629629,
          "recall": 0.896551724137931,
          "support": 29
        },
        "interface_choice": {
          "f1": 0.8923076923076924,
          "precision": 0.8923076923076924,
          "recall": 0.8923076923076924,
          "support": 65
        },
        "file_strategy": {
          "f1": 0.9787234042553191,
          "precision": 0.9583333333333334,
          "recall": 1.0,
          "support": 46
        },
        "throughput_utilization": {
          "f1": 0.8035714285714286,
          "precision": 0.8181818181818182,
          "recall": 0.7894736842105263,
          "support": 57
        },
        "healthy": {
          "f1": 0.8776978417266187,
          "precision": 1.0,
          "recall": 0.782051282051282,
          "support": 78
        }
      },
      "seed": 123
    },
    {
      "micro_f1": 0.9165885660731021,
      "macro_f1": 0.9194194388236938,
      "hamming_loss": 0.022797131147540985,
      "subset_accuracy": 0.8524590163934426,
      "per_dimension": {
        "access_granularity": {
          "f1": 0.9150326797385621,
          "precision": 0.9333333333333333,
          "recall": 0.8974358974358975,
          "support": 156
        },
        "metadata_intensity": {
          "f1": 1.0,
          "precision": 1.0,
          "recall": 1.0,
          "support": 65
        },
        "parallelism_efficiency": {
          "f1": 0.9702970297029703,
          "precision": 0.9607843137254902,
          "recall": 0.98,
          "support": 50
        },
        "access_pattern": {
          "f1": 0.9259259259259259,
          "precision": 1.0,
          "recall": 0.8620689655172413,
          "support": 29
        },
        "interface_choice": {
          "f1": 0.8923076923076924,
          "precision": 0.8923076923076924,
          "recall": 0.8923076923076924,
          "support": 65
        },
        "file_strategy": {
          "f1": 0.967741935483871,
          "precision": 0.9574468085106383,
          "recall": 0.9782608695652174,
          "support": 46
        },
        "throughput_utilization": {
          "f1": 0.8108108108108109,
          "precision": 0.8333333333333334,
          "recall": 0.7894736842105263,
          "support": 57
        },
        "healthy": {
          "f1": 0.8732394366197183,
          "precision": 0.96875,
          "recall": 0.7948717948717948,
          "support": 78
        }
      },
      "seed": 456
    },
    {
      "micro_f1": 0.9104618284637135,
      "macro_f1": 0.9105140825173088,
      "hamming_loss": 0.024334016393442622,
      "subset_accuracy": 0.8360655737704918,
      "per_dimension": {
        "access_granularity": {
          "f1": 0.9205298013245033,
          "precision": 0.952054794520548,
          "recall": 0.8910256410256411,
          "support": 156
        },
        "metadata_intensity": {
          "f1": 1.0,
          "precision": 1.0,
          "recall": 1.0,
          "support": 65
        },
        "parallelism_efficiency": {
          "f1": 0.9361702127659575,
          "precision": 1.0,
          "recall": 0.88,
          "support": 50
        },
        "access_pattern": {
          "f1": 0.9090909090909091,
          "precision": 0.9615384615384616,
          "recall": 0.8620689655172413,
          "support": 29
        },
        "interface_choice": {
          "f1": 0.8923076923076924,
          "precision": 0.8923076923076924,
          "recall": 0.8923076923076924,
          "support": 65
        },
        "file_strategy": {
          "f1": 0.9787234042553191,
          "precision": 0.9583333333333334,
          "recall": 1.0,
          "support": 46
        },
        "throughput_utilization": {
          "f1": 0.7758620689655172,
          "precision": 0.7627118644067796,
          "recall": 0.7894736842105263,
          "support": 57
        },
        "healthy": {
          "f1": 0.8714285714285714,
          "precision": 0.9838709677419355,
          "recall": 0.782051282051282,
          "support": 78
        }
      },
      "seed": 789
    },
    {
      "micro_f1": 0.9196261682242991,
      "macro_f1": 0.9238898247293541,
      "hamming_loss": 0.022028688524590164,
      "subset_accuracy": 0.860655737704918,
      "per_dimension": {
        "access_granularity": {
          "f1": 0.9078947368421053,
          "precision": 0.9324324324324325,
          "recall": 0.8846153846153846,
          "support": 156
        },
        "metadata_intensity": {
          "f1": 1.0,
          "precision": 1.0,
          "recall": 1.0,
          "support": 65
        },
        "parallelism_efficiency": {
          "f1": 0.9607843137254902,
          "precision": 0.9423076923076923,
          "recall": 0.98,
          "support": 50
        },
        "access_pattern": {
          "f1": 0.9285714285714286,
          "precision": 0.9629629629629629,
          "recall": 0.896551724137931,
          "support": 29
        },
        "interface_choice": {
          "f1": 0.8923076923076924,
          "precision": 0.8923076923076924,
          "recall": 0.8923076923076924,
          "support": 65
        },
        "file_strategy": {
          "f1": 0.9787234042553191,
          "precision": 0.9583333333333334,
          "recall": 1.0,
          "support": 46
        },
        "throughput_utilization": {
          "f1": 0.8214285714285714,
          "precision": 0.8363636363636363,
          "recall": 0.8070175438596491,
          "support": 57
        },
        "healthy": {
          "f1": 0.9014084507042254,
          "precision": 1.0,