{
  "n_matched": 37,
  "micro_f1": 0.4666666666666667,
  "macro_f1": 0.2740277991195984
}