{
  "custom": {
    "n": 64,
    "micro_f1": 0.976,
    "macro_f1": 0.24613402061855671
  },
  "dlio": {
    "n": 44,
    "micro_f1": 0.41025641025641024,
    "macro_f1": 0.16754650578179991
  },
  "h5bench": {
    "n": 78,
    "micro_f1": 0.970873786407767,
    "macro_f1": 0.4729102167182663
  },
  "hacc_io": {
    "n": 58,
    "micro_f1": 0.9176470588235294,
    "macro_f1": 0.5879032258064516
  },
  "ior": {
    "n": 160,
    "micro_f1": 0.9907120743034056,
    "macro_f1": 0.748015873015873
  },
  "mdtest": {
    "n": 84,
    "micro_f1": 0.9879518072289156,
    "macro_f1": 0.248046875
  }
}