{
  "0.1": {
    "micro_f1": 0.9040852575488455,
    "precision": 0.8775862068965518,
    "recall": 0.9322344322344323
  },
  "0.2": {
    "micro_f1": 0.918869644484959,
    "precision": 0.9147005444646098,
    "recall": 0.9230769230769231
  },
  "0.3": {
    "micro_f1": 0.9235023041474655,
    "precision": 0.9294990723562152,
    "recall": 0.9175824175824175
  },
  "0.35": {
    "micro_f1": 0.9232192414431082,
    "precision": 0.9327102803738317,
    "recall": 0.9139194139194139
  },
  "0.4": {
    "micro_f1": 0.9283720930232559,
    "precision": 0.943289224952741,
    "recall": 0.9139194139194139
  },
  "0.45": {
    "micro_f1": 0.9291044776119403,
    "precision": 0.9467680608365019,
    "recall": 0.9120879120879121
  },
  "0.5": {
    "micro_f1": 0.9307116104868914,
    "precision": 0.9521072796934866,
    "recall": 0.9102564102564102
  },
  "0.55": {
    "micro_f1": 0.9315838800374883,
    "precision": 0.9539347408829175,
    "recall": 0.9102564102564102
  },
  "0.6": {
    "micro_f1": 0.9315838800374883,
    "precision": 0.9539347408829175,
    "recall": 0.9102564102564102
  },
  "0.7": {
    "micro_f1": 0.9300567107750473,
    "precision": 0.9609375,
    "recall": 0.9010989010989011
  }
}