{
  "access_granularity": {
    "gt_positive": 27,
    "gt_rate": 0.32142857142857145,
    "drishti_positive": 9,
    "drishti_rate": 0.10714285714285714,
    "agreement_rate": 0.7142857142857143,
    "f1": 0.3333333333333333,
    "precision": 0.6666666666666666,
    "recall": 0.2222222222222222,
    "kappa": 0.2056737588652483,
    "tp": 6,
    "fp": 3,
    "fn": 21,
    "tn": 54
  },
  "metadata_intensity": {
    "gt_positive": 0,
    "drishti_positive": 0,
    "agreement_rate": 1.0,
    "note": "Both always negative \u2014 trivial agreement"
  },
  "parallelism_efficiency": {
    "gt_positive": 0,
    "gt_rate": 0.0,
    "drishti_positive": 17,
    "drishti_rate": 0.20238095238095238,
    "agreement_rate": 0.7976190476190477,
    "f1": 0.0,
    "precision": 0.0,
    "recall": 0.0,
    "kappa": 0.0,
    "tp": 0,
    "fp": 17,
    "fn": 0,
    "tn": 67
  },
  "access_pattern": {
    "gt_positive": 0,
    "drishti_positive": 0,
    "agreement_rate": 1.0,
    "note": "Both always negative \u2014 trivial agreement"
  },
  "interface_choice": {
    "gt_positive": 36,
    "gt_rate": 0.42857142857142855,
    "drishti_positive": 3,
    "drishti_rate": 0.03571428571428571,
    "agreement_rate": 0.5357142857142857,
    "f1": 0.0,
    "precision": 0.0,
    "recall": 0.0,
    "kappa": -0.07058823529411762,
    "tp": 0,
    "fp": 3,
    "fn": 36,
    "tn": 45
  },
  "file_strategy": {
    "gt_positive": 18,
    "gt_rate": 0.21428571428571427,
    "drishti_positive": 3,
    "drishti_rate": 0.03571428571428571,
    "agreement_rate": 0.75,
    "f1": 0.0,
    "precision": 0.0,
    "recall": 0.0,
    "kappa": -0.06521739130434767,
    "tp": 0,
    "fp": 3,
    "fn": 18,
    "tn": 63
  },
  "throughput_utilization": {
    "gt_positive": 27,
    "gt_rate": 0.32142857142857145,
    "drishti_positive": 0,
    "drishti_rate": 0.0,
    "agreement_rate": 0.6785714285714286,
    "f1": 0.0,
    "precision": 0.0,
    "recall": 0.0,
    "kappa": 0.0,
    "tp": 0,
    "fp": 0,
    "fn": 27,
    "tn": 57
  },
  "healthy": {
    "gt_positive": 21,
    "gt_rate": 0.25,
    "drishti_positive": 58,
    "drishti_rate": 0.6904761904761905,
    "agreement_rate": 0.4880952380952381,
    "f1": 0.45569620253164556,
    "precision": 0.3103448275862069,
    "recall": 0.8571428571428571,
    "kappa": 0.14,
    "tp": 18,
    "fp": 40,
    "fn": 3,
    "tn": 23
  },
  "_overall": {
    "micro_f1": 0.2191780821917808,
    "macro_f1": 0.09862869198312235,
    "hamming_agreement": 0.7455357142857143,
    "n_samples": 84
  }
}