{
  "custom": {
    "n": 65,
    "micro_f1": 0.9846153846153847,
    "macro_f1": 0.9628558162791528
  },
  "dlio": {
    "n": 41,
    "micro_f1": 0.875,
    "macro_f1": 0.704977732926749
  },
  "h5bench": {
    "n": 80,
    "micro_f1": 0.9953125,
    "macro_f1": 0.991911532385466
  },
  "hacc_io": {
    "n": 61,
    "micro_f1": 0.9631147540983607,
    "macro_f1": 0.9397233201581028
  },
  "ior": {
    "n": 105,
    "micro_f1": 0.9928571428571429,
    "macro_f1": 0.9836734693877551
  },
  "mdtest": {
    "n": 84,
    "micro_f1": 1.0,
    "macro_f1": 1.0
  }
}