{
  "training_config": {
    "model_family": "XGBoost",
    "training_mode": "GT-only (no heuristic, no biquality)",
    "n_heuristic_samples": 0,
    "n_gt_samples": 201,
    "n_features": 157,
    "threshold_for_metrics": 0.5,
    "n_test_samples": 488,
    "n_dimensions": 8,
    "seed": 789
  },
  "per_seed": {
    "789": {
      "seed": 789,
      "micro_f1": 0.9086021505376344,
      "macro_f1": 0.9036084532371262,
      "hamming_loss": 0.02612704918032787,
      "subset_accuracy": 0.8483606557377049,
      "micro_f1_ci": [
        0.8870822041553749,
        0.9288256227758007
      ],
      "macro_f1_ci": [
        0.8790002724500998,
        0.924783139197147
      ],
      "per_label": {
        "access_granularity": {
          "f1": 0.9306930693069307,
          "precision": 0.9591836734693877,
          "recall": 0.9038461538461539,
          "support": 156
        },
        "metadata_intensity": {
          "f1": 1.0,
          "precision": 1.0,
          "recall": 1.0,
          "support": 65
        },
        "parallelism_efficiency": {
          "f1": 0.9514563106796117,
          "precision": 0.9245283018867925,
          "recall": 0.98,
          "support": 50
        },
        "access_pattern": {
          "f1": 0.8333333333333334,
          "precision": 0.8064516129032258,
          "recall": 0.8620689655172413,
          "support": 29
        },
        "interface_choice": {
          "f1": 0.8333333333333334,
          "precision": 0.8208955223880597,
          "recall": 0.8461538461538461,
          "support": 65
        },
        "file_strategy": {
          "f1": 0.968421052631579,
          "precision": 0.9387755102040817,
          "recall": 1.0,
          "support": 46
        },
        "throughput_utilization": {
          "f1": 0.8059701492537313,
          "precision": 0.7012987012987013,
          "recall": 0.9473684210526315,
          "support": 57
        },
        "healthy": {
          "f1": 0.9056603773584906,
          "precision": 0.8888888888888888,
          "recall": 0.9230769230769231,
          "support": 78
        }
      },
      "train_time_seconds": 12.838547468185425
    }
  }
}