{
  "training_config": {
    "model_family": "XGBoost",
    "training_mode": "GT-only (no heuristic, no biquality)",
    "n_heuristic_samples": 0,
    "n_gt_samples": 201,
    "n_features": 157,
    "threshold_for_metrics": 0.5,
    "n_test_samples": 488,
    "n_dimensions": 8,
    "seed": 123
  },
  "per_seed": {
    "123": {
      "seed": 123,
      "micro_f1": 0.9077887197851388,
      "macro_f1": 0.905567590602389,
      "hamming_loss": 0.026383196721311477,
      "subset_accuracy": 0.8524590163934426,
      "micro_f1_ci": [
        0.8858447488584474,
        0.9285083848190644
      ],
      "macro_f1_ci": [
        0.8806179953080788,
        0.9269270938375672
      ],
      "per_label": {
        "access_granularity": {
          "f1": 0.9342105263157895,
          "precision": 0.9594594594594594,
          "recall": 0.9102564102564102,
          "support": 156
        },
        "metadata_intensity": {
          "f1": 1.0,
          "precision": 1.0,
          "recall": 1.0,
          "support": 65
        },
        "parallelism_efficiency": {
          "f1": 0.9607843137254902,
          "precision": 0.9423076923076923,
          "recall": 0.98,
          "support": 50
        },
        "access_pattern": {
          "f1": 0.8928571428571429,
          "precision": 0.9259259259259259,
          "recall": 0.8620689655172413,
          "support": 29
        },
        "interface_choice": {
          "f1": 0.8270676691729323,
          "precision": 0.8088235294117647,
          "recall": 0.8461538461538461,
          "support": 65
        },
        "file_strategy": {
          "f1": 0.9387755102040817,
          "precision": 0.8846153846153846,
          "recall": 1.0,
          "support": 46
        },
        "throughput_utilization": {
          "f1": 0.7851851851851852,
          "precision": 0.6794871794871795,
          "recall": 0.9298245614035088,
          "support": 57
        },
        "healthy": {
          "f1": 0.9056603773584906,
          "precision": 0.8888888888888888,
          "recall": 0.9230769230769231,
          "support": 78
        }
      },
      "train_time_seconds": 12.78127145767212
    }
  }
}