{
  "training_config": {
    "model_family": "XGBoost",
    "training_mode": "GT-only (no heuristic, no biquality)",
    "n_heuristic_samples": 0,
    "n_gt_samples": 201,
    "n_features": 157,
    "threshold_for_metrics": 0.5,
    "n_test_samples": 488,
    "n_dimensions": 8,
    "seed": 1024
  },
  "per_seed": {
    "1024": {
      "seed": 1024,
      "micro_f1": 0.9100719424460432,
      "macro_f1": 0.9047800650632672,
      "hamming_loss": 0.025614754098360656,
      "subset_accuracy": 0.8565573770491803,
      "micro_f1_ci": [
        0.8884748448702828,
        0.9301503094606542
      ],
      "macro_f1_ci": [
        0.879472901827302,
        0.9261578151874947
      ],
      "per_label": {
        "access_granularity": {
          "f1": 0.9442622950819672,
          "precision": 0.9664429530201343,
          "recall": 0.9230769230769231,
          "support": 156
        },
        "metadata_intensity": {
          "f1": 1.0,
          "precision": 1.0,
          "recall": 1.0,
          "support": 65
        },
        "parallelism_efficiency": {
          "f1": 0.9690721649484536,
          "precision": 1.0,
          "recall": 0.94,
          "support": 50
        },
        "access_pattern": {
          "f1": 0.847457627118644,
          "precision": 0.8333333333333334,
          "recall": 0.8620689655172413,
          "support": 29
        },
        "interface_choice": {
          "f1": 0.8181818181818182,
          "precision": 0.8059701492537313,
          "recall": 0.8307692307692308,
          "support": 65
        },
        "file_strategy": {
          "f1": 0.968421052631579,
          "precision": 0.9387755102040817,
          "recall": 1.0,
          "support": 46
        },
        "throughput_utilization": {
          "f1": 0.7851851851851852,
          "precision": 0.6794871794871795,
          "recall": 0.9298245614035088,
          "support": 57
        },
        "healthy": {
          "f1": 0.9056603773584906,
          "precision": 0.8888888888888888,
          "recall": 0.9230769230769231,
          "support": 78
        }
      },
      "train_time_seconds": 12.761470794677734
    }
  }
}