{
  "training_config": {
    "model_family": "XGBoost",
    "training_mode": "GT-only (no heuristic, no biquality)",
    "n_heuristic_samples": 0,
    "n_gt_samples": 201,
    "n_features": 157,
    "threshold_for_metrics": 0.5,
    "n_test_samples": 488,
    "n_dimensions": 8,
    "seed": 42
  },
  "per_seed": {
    "42": {
      "seed": 42,
      "micro_f1": 0.9079535299374442,
      "macro_f1": 0.9049279245785147,
      "hamming_loss": 0.026383196721311477,
      "subset_accuracy": 0.8483606557377049,
      "micro_f1_ci": [
        0.8865430677969273,
        0.9283819628647215
      ],
      "macro_f1_ci": [
        0.880276935486533,
        0.9261602059131252
      ],
      "per_label": {
        "access_granularity": {
          "f1": 0.935064935064935,
          "precision": 0.9473684210526315,
          "recall": 0.9230769230769231,
          "support": 156
        },
        "metadata_intensity": {
          "f1": 1.0,
          "precision": 1.0,
          "recall": 1.0,
          "support": 65
        },
        "parallelism_efficiency": {
          "f1": 0.9615384615384616,
          "precision": 0.9259259259259259,
          "recall": 1.0,
          "support": 50
        },
        "access_pattern": {
          "f1": 0.8928571428571429,
          "precision": 0.9259259259259259,
          "recall": 0.8620689655172413,
          "support": 29
        },
        "interface_choice": {
          "f1": 0.8270676691729323,
          "precision": 0.8088235294117647,
          "recall": 0.8461538461538461,
          "support": 65
        },
        "file_strategy": {
          "f1": 0.9387755102040817,
          "precision": 0.8846153846153846,
          "recall": 1.0,
          "support": 46
        },
        "throughput_utilization": {
          "f1": 0.7727272727272727,
          "precision": 0.68,
          "recall": 0.8947368421052632,
          "support": 57
        },
        "healthy": {
          "f1": 0.9113924050632911,
          "precision": 0.9,
          "recall": 0.9230769230769231,
          "support": 78
        }
      },
      "train_time_seconds": 12.968830347061157
    }
  }
}