benchmark,job_id,log_file,scenario,source,generator_label,note,access_granularity,metadata_intensity,parallelism_efficiency,access_pattern,request_alignment,interface_choice,file_strategy,throughput_utilization,healthy,valid_access_granularity,valid_metadata_intensity,valid_parallelism_efficiency,valid_access_pattern,valid_request_alignment,valid_interface_choice,valid_file_strategy,valid_throughput_utilization,valid_healthy
custom,16648497,,custom_imbalance_f2_mb10_n4_r1,slurm_out,parallelism_efficiency=1,audited targets: parallelism_efficiency,0,0,1,0,0,0,0,0,0,0,0,1,0,0,0,0,0,0
custom,16648498,,custom_imbalance_f2_mb10_n4_r2,slurm_out,parallelism_efficiency=1,audited targets: parallelism_efficiency,0,0,1,0,0,0,0,0,0,0,0,1,0,0,0,0,0,0
custom,16648499,,custom_imbalance_f2_mb10_n4_r3,slurm_out,parallelism_efficiency=1,audited targets: parallelism_efficiency,0,0,1,0,0,0,0,0,0,0,0,1,0,0,0,0,0,0
custom,16648500,,custom_imbalance_f2_mb10_n16_r1,slurm_out,parallelism_efficiency=1,audited targets: parallelism_efficiency,0,0,1,0,0,0,0,0,0,0,0,1,0,0,0,0,0,0
custom,16648501,,custom_imbalance_f2_mb10_n16_r2,slurm_out,parallelism_efficiency=1,audited targets: parallelism_efficiency,0,0,1,0,0,0,0,0,0,0,0,1,0,0,0,0,0,0
custom,16648502,,custom_imbalance_f2_mb10_n16_r3,slurm_out,parallelism_efficiency=1,audited targets: parallelism_efficiency,0,0,1,0,0,0,0,0,0,0,0,1,0,0,0,0,0,0
custom,16648503,,custom_imbalance_f2_mb10_n64_r1,slurm_out,parallelism_efficiency=1,audited targets: parallelism_efficiency,0,0,1,0,0,0,0,0,0,0,0,1,0,0,0,0,0,0
custom,16648504,,custom_imbalance_f2_mb10_n64_r2,slurm_out,parallelism_efficiency=1,audited targets: parallelism_efficiency,0,0,1,0,0,0,0,0,0,0,0,1,0,0,0,0,0,0
custom,16648505,,custom_imbalance_f2_mb10_n64_r3,slurm_out,parallelism_efficiency=1,audited targets: parallelism_efficiency,0,0,1,0,0,0,0,0,0,0,0,1,0,0,0,0,0,0
custom,16648506,,custom_imbalance_f2_mb50_n4_r1,slurm_out,parallelism_efficiency=1,audited targets: parallelism_efficiency,0,0,1,0,0,0,0,0,0,0,0,1,0,0,0,0,0,0
custom,16648507,,custom_imbalance_f2_mb50_n4_r2,slurm_out,parallelism_efficiency=1,audited targets: parallelism_efficiency,0,0,1,0,0,0,0,0,0,0,0,1,0,0,0,0,0,0
custom,16648508,,custom_imbalance_f2_mb50_n4_r3,slurm_out,parallelism_efficiency=1,audited targets: parallelism_efficiency,0,0,1,0,0,0,0,0,0,0,0,1,0,0,0,0,0,0
custom,16648509,,custom_imbalance_f2_mb50_n16_r1,slurm_out,parallelism_efficiency=1,audited targets: parallelism_efficiency,0,0,1,0,0,0,0,0,0,0,0,1,0,0,0,0,0,0
custom,16648510,,custom_imbalance_f2_mb50_n16_r2,slurm_out,parallelism_efficiency=1,audited targets: parallelism_efficiency,0,0,1,0,0,0,0,0,0,0,0,1,0,0,0,0,0,0
custom,16648511,,custom_imbalance_f2_mb50_n16_r3,slurm_out,parallelism_efficiency=1,audited targets: parallelism_efficiency,0,0,1,0,0,0,0,0,0,0,0,1,0,0,0,0,0,0
custom,16648512,,custom_imbalance_f2_mb50_n64_r1,slurm_out,parallelism_efficiency=1,audited targets: parallelism_efficiency,0,0,1,0,0,0,0,0,0,0,0,1,0,0,0,0,0,0
custom,16648513,,custom_imbalance_f2_mb50_n64_r2,slurm_out,parallelism_efficiency=1,audited targets: parallelism_efficiency,0,0,1,0,0,0,0,0,0,0,0,1,0,0,0,0,0,0
custom,16648514,,custom_imbalance_f2_mb50_n64_r3,slurm_out,parallelism_efficiency=1,audited targets: parallelism_efficiency,0,0,1,0,0,0,0,0,0,0,0,1,0,0,0,0,0,0
custom,16648515,,custom_imbalance_f5_mb10_n4_r1,slurm_out,parallelism_efficiency=1,audited targets: parallelism_efficiency,0,0,1,0,0,0,0,0,0,0,0,1,0,0,0,0,0,0
custom,16648516,,custom_imbalance_f5_mb10_n4_r2,slurm_out,parallelism_efficiency=1,audited targets: parallelism_efficiency,0,0,1,0,0,0,0,0,0,0,0,1,0,0,0,0,0,0
custom,16648517,,custom_imbalance_f5_mb10_n4_r3,slurm_out,parallelism_efficiency=1,audited targets: parallelism_efficiency,0,0,1,0,0,0,0,0,0,0,0,1,0,0,0,0,0,0
custom,16648518,,custom_imbalance_f5_mb10_n16_r1,slurm_out,parallelism_efficiency=1,audited targets: parallelism_efficiency,0,0,1,0,0,0,0,0,0,0,0,1,0,0,0,0,0,0
custom,16648519,,custom_imbalance_f5_mb10_n16_r2,slurm_out,parallelism_efficiency=1,audited targets: parallelism_efficiency,0,0,1,0,0,0,0,0,0,0,0,1,0,0,0,0,0,0
custom,16648520,,custom_imbalance_f5_mb10_n16_r3,slurm_out,parallelism_efficiency=1,audited targets: parallelism_efficiency,0,0,1,0,0,0,0,0,0,0,0,1,0,0,0,0,0,0
custom,16648521,,custom_imbalance_f5_mb10_n64_r1,slurm_out,parallelism_efficiency=1,audited targets: parallelism_efficiency,0,0,1,0,0,0,0,0,0,0,0,1,0,0,0,0,0,0
custom,16648522,,custom_imbalance_f5_mb10_n64_r2,slurm_out,parallelism_efficiency=1,audited targets: parallelism_efficiency,0,0,1,0,0,0,0,0,0,0,0,1,0,0,0,0,0,0
custom,16648523,,custom_imbalance_f5_mb10_n64_r3,slurm_out,parallelism_efficiency=1,audited targets: parallelism_efficiency,0,0,1,0,0,0,0,0,0,0,0,1,0,0,0,0,0,0
custom,16648524,,custom_imbalance_f5_mb50_n4_r1,slurm_out,parallelism_efficiency=1,audited targets: parallelism_efficiency,0,0,1,0,0,0,0,0,0,0,0,1,0,0,0,0,0,0
custom,16648525,,custom_imbalance_f5_mb50_n4_r2,slurm_out,parallelism_efficiency=1,audited targets: parallelism_efficiency,0,0,1,0,0,0,0,0,0,0,0,1,0,0,0,0,0,0
custom,16648526,,custom_imbalance_f5_mb50_n4_r3,slurm_out,parallelism_efficiency=1,audited targets: parallelism_efficiency,0,0,1,0,0,0,0,0,0,0,0,1,0,0,0,0,0,0
custom,16648527,,custom_imbalance_f5_mb50_n16_r1,slurm_out,parallelism_efficiency=1,audited targets: parallelism_efficiency,0,0,1,0,0,0,0,0,0,0,0,1,0,0,0,0,0,0
custom,16648528,,custom_imbalance_f5_mb50_n16_r2,slurm_out,parallelism_efficiency=1,audited targets: parallelism_efficiency,0,0,1,0,0,0,0,0,0,0,0,1,0,0,0,0,0,0
custom,16648529,,custom_imbalance_f5_mb50_n16_r3,slurm_out,parallelism_efficiency=1,audited targets: parallelism_efficiency,0,0,1,0,0,0,0,0,0,0,0,1,0,0,0,0,0,0
custom,16648530,,custom_imbalance_f5_mb50_n64_r1,slurm_out,parallelism_efficiency=1,audited targets: parallelism_efficiency,0,0,1,0,0,0,0,0,0,0,0,1,0,0,0,0,0,0
custom,16648531,,custom_imbalance_f5_mb50_n64_r2,slurm_out,parallelism_efficiency=1,audited targets: parallelism_efficiency,0,0,1,0,0,0,0,0,0,0,0,1,0,0,0,0,0,0
custom,16648532,,custom_imbalance_f5_mb50_n64_r3,slurm_out,parallelism_efficiency=1,audited targets: parallelism_efficiency,0,0,1,0,0,0,0,0,0,0,0,1,0,0,0,0,0,0
custom,16648533,,custom_imbalance_f10_mb10_n4_r1,slurm_out,parallelism_efficiency=1,audited targets: parallelism_efficiency,0,0,1,0,0,0,0,0,0,0,0,1,0,0,0,0,0,0
custom,16648534,,custom_imbalance_f10_mb10_n4_r2,slurm_out,parallelism_efficiency=1,audited targets: parallelism_efficiency,0,0,1,0,0,0,0,0,0,0,0,1,0,0,0,0,0,0
custom,16648536,,custom_imbalance_f10_mb10_n16_r1,slurm_out,parallelism_efficiency=1,audited targets: parallelism_efficiency,0,0,1,0,0,0,0,0,0,0,0,1,0,0,0,0,0,0
custom,16648537,,custom_imbalance_f10_mb10_n16_r2,slurm_out,parallelism_efficiency=1,audited targets: parallelism_efficiency,0,0,1,0,0,0,0,0,0,0,0,1,0,0,0,0,0,0
custom,16648538,,custom_imbalance_f10_mb10_n16_r3,slurm_out,parallelism_efficiency=1,audited targets: parallelism_efficiency,0,0,1,0,0,0,0,0,0,0,0,1,0,0,0,0,0,0
custom,16648539,,custom_imbalance_f10_mb10_n64_r1,slurm_out,parallelism_efficiency=1,audited targets: parallelism_efficiency,0,0,1,0,0,0,0,0,0,0,0,1,0,0,0,0,0,0
custom,16648541,,custom_imbalance_f10_mb10_n64_r2,slurm_out,parallelism_efficiency=1,audited targets: parallelism_efficiency,0,0,1,0,0,0,0,0,0,0,0,1,0,0,0,0,0,0
custom,16648542,,custom_imbalance_f10_mb10_n64_r3,slurm_out,parallelism_efficiency=1,audited targets: parallelism_efficiency,0,0,1,0,0,0,0,0,0,0,0,1,0,0,0,0,0,0
custom,16648543,,custom_imbalance_f10_mb50_n4_r1,slurm_out,parallelism_efficiency=1,audited targets: parallelism_efficiency,0,0,1,0,0,0,0,0,0,0,0,1,0,0,0,0,0,0
custom,16648544,,custom_imbalance_f10_mb50_n4_r2,slurm_out,parallelism_efficiency=1,audited targets: parallelism_efficiency,0,0,1,0,0,0,0,0,0,0,0,1,0,0,0,0,0,0
custom,16648545,,custom_imbalance_f10_mb50_n4_r3,slurm_out,parallelism_efficiency=1,audited targets: parallelism_efficiency,0,0,1,0,0,0,0,0,0,0,0,1,0,0,0,0,0,0
custom,16648546,,custom_imbalance_f10_mb50_n16_r1,slurm_out,parallelism_efficiency=1,audited targets: parallelism_efficiency,0,0,1,0,0,0,0,0,0,0,0,1,0,0,0,0,0,0
custom,16648547,,custom_imbalance_f10_mb50_n16_r2,slurm_out,parallelism_efficiency=1,audited targets: parallelism_efficiency,0,0,1,0,0,0,0,0,0,0,0,1,0,0,0,0,0,0
custom,16648548,,custom_imbalance_f10_mb50_n16_r3,slurm_out,parallelism_efficiency=1,audited targets: parallelism_efficiency,0,0,1,0,0,0,0,0,0,0,0,1,0,0,0,0,0,0
custom,16648549,,custom_imbalance_f10_mb50_n64_r1,slurm_out,parallelism_efficiency=1,audited targets: parallelism_efficiency,0,0,1,0,0,0,0,0,0,0,0,1,0,0,0,0,0,0
custom,16648550,,custom_imbalance_f10_mb50_n64_r2,slurm_out,parallelism_efficiency=1,audited targets: parallelism_efficiency,0,0,1,0,0,0,0,0,0,0,0,1,0,0,0,0,0,0
custom,16648551,,custom_imbalance_f10_mb50_n64_r3,slurm_out,parallelism_efficiency=1,audited targets: parallelism_efficiency,0,0,1,0,0,0,0,0,0,0,0,1,0,0,0,0,0,0
custom,16648552,,custom_imbalance_f20_mb10_n4_r1,slurm_out,parallelism_efficiency=1,audited targets: parallelism_efficiency,0,0,1,0,0,0,0,0,0,0,0,1,0,0,0,0,0,0
custom,16648553,,custom_imbalance_f20_mb10_n4_r2,slurm_out,parallelism_efficiency=1,audited targets: parallelism_efficiency,0,0,1,0,0,0,0,0,0,0,0,1,0,0,0,0,0,0
custom,16648554,,custom_imbalance_f20_mb10_n4_r3,slurm_out,parallelism_efficiency=1,audited targets: parallelism_efficiency,0,0,1,0,0,0,0,0,0,0,0,1,0,0,0,0,0,0
custom,16648555,,custom_imbalance_f20_mb10_n16_r1,slurm_out,parallelism_efficiency=1,audited targets: parallelism_efficiency,0,0,1,0,0,0,0,0,0,0,0,1,0,0,0,0,0,0
custom,16648556,,custom_imbalance_f20_mb10_n16_r2,slurm_out,parallelism_efficiency=1,audited targets: parallelism_efficiency,0,0,1,0,0,0,0,0,0,0,0,1,0,0,0,0,0,0
custom,16648557,,custom_imbalance_f20_mb10_n16_r3,slurm_out,parallelism_efficiency=1,audited targets: parallelism_efficiency,0,0,1,0,0,0,0,0,0,0,0,1,0,0,0,0,0,0
custom,16648558,,custom_imbalance_f20_mb10_n64_r1,slurm_out,parallelism_efficiency=1,audited targets: parallelism_efficiency,0,0,1,0,0,0,0,0,0,0,0,1,0,0,0,0,0,0
custom,16648559,,custom_imbalance_f20_mb10_n64_r2,slurm_out,parallelism_efficiency=1,audited targets: parallelism_efficiency,0,0,1,0,0,0,0,0,0,0,0,1,0,0,0,0,0,0
custom,16648560,,custom_imbalance_f20_mb10_n64_r3,slurm_out,parallelism_efficiency=1,audited targets: parallelism_efficiency,0,0,1,0,0,0,0,0,0,0,0,1,0,0,0,0,0,0
custom,16648561,,custom_imbalance_f20_mb50_n4_r1,slurm_out,parallelism_efficiency=1,audited targets: parallelism_efficiency,0,0,1,0,0,0,0,0,0,0,0,1,0,0,0,0,0,0
custom,16648562,,custom_imbalance_f20_mb50_n4_r2,slurm_out,parallelism_efficiency=1,audited targets: parallelism_efficiency,0,0,1,0,0,0,0,0,0,0,0,1,0,0,0,0,0,0
custom,16648563,,custom_imbalance_f20_mb50_n4_r3,slurm_out,parallelism_efficiency=1,audited targets: parallelism_efficiency,0,0,1,0,0,0,0,0,0,0,0,1,0,0,0,0,0,0
custom,16648564,,custom_imbalance_f20_mb50_n16_r1,slurm_out,parallelism_efficiency=1,audited targets: parallelism_efficiency,0,0,1,0,0,0,0,0,0,0,0,1,0,0,0,0,0,0
custom,16648565,,custom_imbalance_f20_mb50_n16_r2,slurm_out,parallelism_efficiency=1,audited targets: parallelism_efficiency,0,0,1,0,0,0,0,0,0,0,0,1,0,0,0,0,0,0
custom,16648566,,custom_imbalance_f20_mb50_n16_r3,slurm_out,parallelism_efficiency=1,audited targets: parallelism_efficiency,0,0,1,0,0,0,0,0,0,0,0,1,0,0,0,0,0,0
custom,16648567,,custom_imbalance_f20_mb50_n64_r1,slurm_out,parallelism_efficiency=1,audited targets: parallelism_efficiency,0,0,1,0,0,0,0,0,0,0,0,1,0,0,0,0,0,0
custom,16648568,,custom_imbalance_f20_mb50_n64_r2,slurm_out,parallelism_efficiency=1,audited targets: parallelism_efficiency,0,0,1,0,0,0,0,0,0,0,0,1,0,0,0,0,0,0
custom,16648569,,custom_imbalance_f20_mb50_n64_r3,slurm_out,parallelism_efficiency=1,audited targets: parallelism_efficiency,0,0,1,0,0,0,0,0,0,0,0,1,0,0,0,0,0,0
custom,16648570,,custom_balanced_mb50_n4_r1,slurm_out,healthy=1,audited targets: parallelism_efficiency,0,0,0,0,0,0,0,0,1,0,0,1,0,0,0,0,0,0
custom,16648571,,custom_balanced_mb50_n4_r2,slurm_out,healthy=1,audited targets: parallelism_efficiency,0,0,0,0,0,0,0,0,1,0,0,1,0,0,0,0,0,0
custom,16648572,,custom_balanced_mb50_n4_r3,slurm_out,healthy=1,audited targets: parallelism_efficiency,0,0,0,0,0,0,0,0,1,0,0,1,0,0,0,0,0,0
custom,16648573,,custom_balanced_mb50_n16_r1,slurm_out,healthy=1,audited targets: parallelism_efficiency,0,0,0,0,0,0,0,0,1,0,0,1,0,0,0,0,0,0
custom,16648574,,custom_balanced_mb50_n16_r2,slurm_out,healthy=1,audited targets: parallelism_efficiency,0,0,0,0,0,0,0,0,1,0,0,1,0,0,0,0,0,0
custom,16648575,,custom_balanced_mb50_n16_r3,slurm_out,healthy=1,audited targets: parallelism_efficiency,0,0,0,0,0,0,0,0,1,0,0,1,0,0,0,0,0,0
custom,16648576,,custom_balanced_mb50_n64_r1,slurm_out,healthy=1,audited targets: parallelism_efficiency,0,0,0,0,0,0,0,0,1,0,0,1,0,0,0,0,0,0
custom,16648577,,custom_balanced_mb50_n64_r2,slurm_out,healthy=1,audited targets: parallelism_efficiency,0,0,0,0,0,0,0,0,1,0,0,1,0,0,0,0,0,0
custom,16648578,,custom_balanced_mb50_n64_r3,slurm_out,healthy=1,audited targets: parallelism_efficiency,0,0,0,0,0,0,0,0,1,0,0,1,0,0,0,0,0,0
custom,16648579,,custom_balanced_mb100_n4_r1,slurm_out,healthy=1,audited targets: parallelism_efficiency,0,0,0,0,0,0,0,0,1,0,0,1,0,0,0,0,0,0
custom,16648580,,custom_balanced_mb100_n4_r2,slurm_out,healthy=1,audited targets: parallelism_efficiency,0,0,0,0,0,0,0,0,1,0,0,1,0,0,0,0,0,0
custom,16648581,,custom_balanced_mb100_n4_r3,slurm_out,healthy=1,audited targets: parallelism_efficiency,0,0,0,0,0,0,0,0,1,0,0,1,0,0,0,0,0,0
custom,16648582,,custom_balanced_mb100_n16_r1,slurm_out,healthy=1,audited targets: parallelism_efficiency,0,0,0,0,0,0,0,0,1,0,0,1,0,0,0,0,0,0
custom,16648583,,custom_balanced_mb100_n16_r2,slurm_out,healthy=1,audited targets: parallelism_efficiency,0,0,0,0,0,0,0,0,1,0,0,1,0,0,0,0,0,0
custom,16648584,,custom_balanced_mb100_n16_r3,slurm_out,healthy=1,audited targets: parallelism_efficiency,0,0,0,0,0,0,0,0,1,0,0,1,0,0,0,0,0,0
custom,16648585,,custom_balanced_mb100_n64_r1,slurm_out,healthy=1,audited targets: parallelism_efficiency,0,0,0,0,0,0,0,0,1,0,0,1,0,0,0,0,0,0
custom,16648586,,custom_balanced_mb100_n64_r2,slurm_out,healthy=1,audited targets: parallelism_efficiency,0,0,0,0,0,0,0,0,1,0,0,1,0,0,0,0,0,0
custom,16648587,,custom_balanced_mb100_n64_r3,slurm_out,healthy=1,audited targets: parallelism_efficiency,0,0,0,0,0,0,0,0,1,0,0,1,0,0,0,0,0,0
dlio,16648436,,dlio_small_rl64_n4_rep1,none,access_granularity=1,DLIO aggregate counters do not distinguish the registered scenario target,0,0,0,0,0,0,0,0,0,0,0,0,0,0,0,0,0,0
dlio,16648437,,dlio_small_rl64_n4_rep2,none,access_granularity=1,DLIO aggregate counters do not distinguish the registered scenario target,0,0,0,0,0,0,0,0,0,0,0,0,0,0,0,0,0,0
dlio,16648438,,dlio_small_rl64_n4_rep3,none,access_granularity=1,DLIO aggregate counters do not distinguish the registered scenario target,0,0,0,0,0,0,0,0,0,0,0,0,0,0,0,0,0,0
dlio,16648439,,dlio_small_rl64_n8_rep1,none,access_granularity=1,DLIO aggregate counters do not distinguish the registered scenario target,0,0,0,0,0,0,0,0,0,0,0,0,0,0,0,0,0,0
dlio,16648440,,dlio_small_rl64_n8_rep2,none,access_granularity=1,DLIO aggregate counters do not distinguish the registered scenario target,0,0,0,0,0,0,0,0,0,0,0,0,0,0,0,0,0,0
dlio,16648441,,dlio_small_rl64_n8_rep3,none,access_granularity=1,DLIO aggregate counters do not distinguish the registered scenario target,0,0,0,0,0,0,0,0,0,0,0,0,0,0,0,0,0,0
dlio,16648442,,dlio_small_rl256_n4_rep1,none,access_granularity=1,DLIO aggregate counters do not distinguish the registered scenario target,0,0,0,0,0,0,0,0,0,0,0,0,0,0,0,0,0,0
dlio,16648443,,dlio_small_rl256_n4_rep2,none,access_granularity=1,DLIO aggregate counters do not distinguish the registered scenario target,0,0,0,0,0,0,0,0,0,0,0,0,0,0,0,0,0,0
dlio,16648444,,dlio_small_rl256_n4_rep3,none,access_granularity=1,DLIO aggregate counters do not distinguish the registered scenario target,0,0,0,0,0,0,0,0,0,0,0,0,0,0,0,0,0,0
dlio,16648445,,dlio_small_rl256_n8_rep1,none,access_granularity=1,DLIO aggregate counters do not distinguish the registered scenario target,0,0,0,0,0,0,0,0,0,0,0,0,0,0,0,0,0,0
dlio,16648446,,dlio_small_rl256_n8_rep2,none,access_granularity=1,DLIO aggregate counters do not distinguish the registered scenario target,0,0,0,0,0,0,0,0,0,0,0,0,0,0,0,0,0,0
dlio,16648447,,dlio_small_rl256_n8_rep3,none,access_granularity=1,DLIO aggregate counters do not distinguish the registered scenario target,0,0,0,0,0,0,0,0,0,0,0,0,0,0,0,0,0,0
dlio,16648448,,dlio_small_rl1024_n4_rep1,none,access_granularity=1,DLIO aggregate counters do not distinguish the registered scenario target,0,0,0,0,0,0,0,0,0,0,0,0,0,0,0,0,0,0
dlio,16648449,,dlio_small_rl1024_n4_rep2,none,access_granularity=1,DLIO aggregate counters do not distinguish the registered scenario target,0,0,0,0,0,0,0,0,0,0,0,0,0,0,0,0,0,0
dlio,16648450,,dlio_small_rl1024_n4_rep3,none,access_granularity=1,DLIO aggregate counters do not distinguish the registered scenario target,0,0,0,0,0,0,0,0,0,0,0,0,0,0,0,0,0,0
dlio,16648451,,dlio_small_rl1024_n8_rep1,none,access_granularity=1,DLIO aggregate counters do not distinguish the registered scenario target,0,0,0,0,0,0,0,0,0,0,0,0,0,0,0,0,0,0
dlio,16648452,,dlio_small_rl1024_n8_rep2,none,access_granularity=1,DLIO aggregate counters do not distinguish the registered scenario target,0,0,0,0,0,0,0,0,0,0,0,0,0,0,0,0,0,0
dlio,16648453,,dlio_small_rl1024_n8_rep3,none,access_granularity=1,DLIO aggregate counters do not distinguish the registered scenario target,0,0,0,0,0,0,0,0,0,0,0,0,0,0,0,0,0,0
dlio,16648454,,dlio_small_rl4096_n4_rep1,none,access_granularity=1,DLIO aggregate counters do not distinguish the registered scenario target,0,0,0,0,0,0,0,0,0,0,0,0,0,0,0,0,0,0
dlio,16648455,,dlio_small_rl4096_n4_rep2,none,access_granularity=1,DLIO aggregate counters do not distinguish the registered scenario target,0,0,0,0,0,0,0,0,0,0,0,0,0,0,0,0,0,0
dlio,16648456,,dlio_small_rl4096_n4_rep3,none,access_granularity=1,DLIO aggregate counters do not distinguish the registered scenario target,0,0,0,0,0,0,0,0,0,0,0,0,0,0,0,0,0,0
dlio,16648457,,dlio_small_rl4096_n8_rep1,none,access_granularity=1,DLIO aggregate counters do not distinguish the registered scenario target,0,0,0,0,0,0,0,0,0,0,0,0,0,0,0,0,0,0
dlio,16648458,,dlio_small_rl4096_n8_rep2,none,access_granularity=1,DLIO aggregate counters do not distinguish the registered scenario target,0,0,0,0,0,0,0,0,0,0,0,0,0,0,0,0,0,0
dlio,16648459,,dlio_small_rl4096_n8_rep3,none,access_granularity=1,DLIO aggregate counters do not distinguish the registered scenario target,0,0,0,0,0,0,0,0,0,0,0,0,0,0,0,0,0,0
dlio,16648460,,dlio_ckpt_ms100000000_n4_rep1,none,throughput_utilization=1,DLIO aggregate counters do not distinguish the registered scenario target,0,0,0,0,0,0,0,0,0,0,0,0,0,0,0,0,0,0
dlio,16648461,,dlio_ckpt_ms100000000_n4_rep2,none,throughput_utilization=1,DLIO aggregate counters do not distinguish the registered scenario target,0,0,0,0,0,0,0,0,0,0,0,0,0,0,0,0,0,0
dlio,16648462,,dlio_ckpt_ms100000000_n4_rep3,none,throughput_utilization=1,DLIO aggregate counters do not distinguish the registered scenario target,0,0,0,0,0,0,0,0,0,0,0,0,0,0,0,0,0,0
dlio,16648463,,dlio_ckpt_ms100000000_n8_rep1,none,throughput_utilization=1,DLIO aggregate counters do not distinguish the registered scenario target,0,0,0,0,0,0,0,0,0,0,0,0,0,0,0,0,0,0
dlio,16648464,,dlio_ckpt_ms100000000_n8_rep2,none,throughput_utilization=1,DLIO aggregate counters do not distinguish the registered scenario target,0,0,0,0,0,0,0,0,0,0,0,0,0,0,0,0,0,0
dlio,16648465,,dlio_ckpt_ms100000000_n8_rep3,none,throughput_utilization=1,DLIO aggregate counters do not distinguish the registered scenario target,0,0,0,0,0,0,0,0,0,0,0,0,0,0,0,0,0,0
dlio,16648466,,dlio_ckpt_ms500000000_n4_rep1,none,throughput_utilization=1,DLIO aggregate counters do not distinguish the registered scenario target,0,0,0,0,0,0,0,0,0,0,0,0,0,0,0,0,0,0
dlio,16648467,,dlio_ckpt_ms500000000_n4_rep2,none,throughput_utilization=1,DLIO aggregate counters do not distinguish the registered scenario target,0,0,0,0,0,0,0,0,0,0,0,0,0,0,0,0,0,0
dlio,16648468,,dlio_ckpt_ms500000000_n4_rep3,none,throughput_utilization=1,DLIO aggregate counters do not distinguish the registered scenario target,0,0,0,0,0,0,0,0,0,0,0,0,0,0,0,0,0,0
dlio,16648469,,dlio_ckpt_ms500000000_n8_rep1,none,throughput_utilization=1,DLIO aggregate counters do not distinguish the registered scenario target,0,0,0,0,0,0,0,0,0,0,0,0,0,0,0,0,0,0
dlio,16648470,,dlio_ckpt_ms500000000_n8_rep2,none,throughput_utilization=1,DLIO aggregate counters do not distinguish the registered scenario target,0,0,0,0,0,0,0,0,0,0,0,0,0,0,0,0,0,0
dlio,16648471,,dlio_ckpt_ms500000000_n8_rep3,none,throughput_utilization=1,DLIO aggregate counters do not distinguish the registered scenario target,0,0,0,0,0,0,0,0,0,0,0,0,0,0,0,0,0,0
dlio,16648472,,dlio_ckpt_ms1000000000_n4_rep1,none,throughput_utilization=1,DLIO aggregate counters do not distinguish the registered scenario target,0,0,0,0,0,0,0,0,0,0,0,0,0,0,0,0,0,0
dlio,16648473,,dlio_ckpt_ms1000000000_n4_rep2,none,throughput_utilization=1,DLIO aggregate counters do not distinguish the registered scenario target,0,0,0,0,0,0,0,0,0,0,0,0,0,0,0,0,0,0
dlio,16648474,,dlio_ckpt_ms1000000000_n4_rep3,none,throughput_utilization=1,DLIO aggregate counters do not distinguish the registered scenario target,0,0,0,0,0,0,0,0,0,0,0,0,0,0,0,0,0,0
dlio,16648475,,dlio_ckpt_ms1000000000_n8_rep1,none,throughput_utilization=1,DLIO aggregate counters do not distinguish the registered scenario target,0,0,0,0,0,0,0,0,0,0,0,0,0,0,0,0,0,0
dlio,16648476,,dlio_ckpt_ms1000000000_n8_rep2,none,throughput_utilization=1,DLIO aggregate counters do not distinguish the registered scenario target,0,0,0,0,0,0,0,0,0,0,0,0,0,0,0,0,0,0
dlio,16648477,,dlio_ckpt_ms1000000000_n8_rep3,none,throughput_utilization=1,DLIO aggregate counters do not distinguish the registered scenario target,0,0,0,0,0,0,0,0,0,0,0,0,0,0,0,0,0,0
dlio,16648478,,dlio_healthy_rl1048576_n4_rep1,none,healthy=1,DLIO aggregate counters do not distinguish the registered scenario target,0,0,0,0,0,0,0,0,0,0,0,0,0,0,0,0,0,0
dlio,16648479,,dlio_healthy_rl1048576_n4_rep2,none,healthy=1,DLIO aggregate counters do not distinguish the registered scenario target,0,0,0,0,0,0,0,0,0,0,0,0,0,0,0,0,0,0
dlio,16648480,,dlio_healthy_rl1048576_n4_rep3,none,healthy=1,DLIO aggregate counters do not distinguish the registered scenario target,0,0,0,0,0,0,0,0,0,0,0,0,0,0,0,0,0,0
dlio,16648481,,dlio_healthy_rl1048576_n8_rep1,none,healthy=1,DLIO aggregate counters do not distinguish the registered scenario target,0,0,0,0,0,0,0,0,0,0,0,0,0,0,0,0,0,0
dlio,16648482,,dlio_healthy_rl1048576_n8_rep2,none,healthy=1,DLIO aggregate counters do not distinguish the registered scenario target,0,0,0,0,0,0,0,0,0,0,0,0,0,0,0,0,0,0
dlio,16648483,,dlio_healthy_rl1048576_n8_rep3,none,healthy=1,DLIO aggregate counters do not distinguish the registered scenario target,0,0,0,0,0,0,0,0,0,0,0,0,0,0,0,0,0,0
dlio,16648484,,dlio_healthy_rl4194304_n4_rep1,none,healthy=1,DLIO aggregate counters do not distinguish the registered scenario target,0,0,0,0,0,0,0,0,0,0,0,0,0,0,0,0,0,0
dlio,16648485,,dlio_healthy_rl4194304_n4_rep2,none,healthy=1,DLIO aggregate counters do not distinguish the registered scenario target,0,0,0,0,0,0,0,0,0,0,0,0,0,0,0,0,0,0
dlio,16648486,,dlio_healthy_rl4194304_n4_rep3,none,healthy=1,DLIO aggregate counters do not distinguish the registered scenario target,0,0,0,0,0,0,0,0,0,0,0,0,0,0,0,0,0,0
dlio,16648487,,dlio_healthy_rl4194304_n8_rep1,none,healthy=1,DLIO aggregate counters do not distinguish the registered scenario target,0,0,0,0,0,0,0,0,0,0,0,0,0,0,0,0,0,0
dlio,16648488,,dlio_healthy_rl4194304_n8_rep2,none,healthy=1,DLIO aggregate counters do not distinguish the registered scenario target,0,0,0,0,0,0,0,0,0,0,0,0,0,0,0,0,0,0
dlio,16648489,,dlio_healthy_rl4194304_n8_rep3,none,healthy=1,DLIO aggregate counters do not distinguish the registered scenario target,0,0,0,0,0,0,0,0,0,0,0,0,0,0,0,0,0,0
dlio,16648490,,dlio_shuffle_n4_rep1,none,access_pattern=1,DLIO aggregate counters do not distinguish the registered scenario target,0,0,0,0,0,0,0,0,0,0,0,0,0,0,0,0,0,0
dlio,16648491,,dlio_shuffle_n4_rep2,none,access_pattern=1,DLIO aggregate counters do not distinguish the registered scenario target,0,0,0,0,0,0,0,0,0,0,0,0,0,0,0,0,0,0
dlio,16648492,,dlio_shuffle_n4_rep3,none,access_pattern=1,DLIO aggregate counters do not distinguish the registered scenario target,0,0,0,0,0,0,0,0,0,0,0,0,0,0,0,0,0,0
dlio,16648493,,dlio_shuffle_n8_rep1,none,access_pattern=1,DLIO aggregate counters do not distinguish the registered scenario target,0,0,0,0,0,0,0,0,0,0,0,0,0,0,0,0,0,0
dlio,16648494,,dlio_shuffle_n8_rep2,none,access_pattern=1,DLIO aggregate counters do not distinguish the registered scenario target,0,0,0,0,0,0,0,0,0,0,0,0,0,0,0,0,0,0
dlio,16648495,,dlio_shuffle_n8_rep3,none,access_pattern=1,DLIO aggregate counters do not distinguish the registered scenario target,0,0,0,0,0,0,0,0,0,0,0,0,0,0,0,0,0,0
h5bench,16805291,mbanisha_h5bench_read_id16805291-2468982_3-18-54949-16345251604383155062_1.darshan,h5b_indep_small_n16_r1,slurm_out,interface_choice=1,"audited targets: access_granularity,interface_choice; policy adds access_granularity beyond the generator label",1,0,0,0,0,1,0,0,0,1,0,0,0,0,1,0,0,0
h5bench,16805292,mbanisha_h5bench_read_id16805292-2469490_3-18-54984-8603875488212062020_1.darshan,h5b_indep_small_n16_r2,slurm_out,interface_choice=1,"audited targets: access_granularity,interface_choice; policy adds access_granularity beyond the generator label",1,0,0,0,0,1,0,0,0,1,0,0,0,0,1,0,0,0
h5bench,16805293,mbanisha_h5bench_read_id16805293-2469794_3-18-55020-13574736862147514784_1.darshan,h5b_indep_small_n16_r3,slurm_out,interface_choice=1,"audited targets: access_granularity,interface_choice; policy adds access_granularity beyond the generator label",1,0,0,0,0,1,0,0,0,1,0,0,0,0,1,0,0,0
h5bench,16805294,mbanisha_h5bench_read_id16805294-2470191_3-18-55059-7395588048925586495_1.darshan,h5b_indep_small_n32_r1,slurm_out,interface_choice=1,"audited targets: access_granularity,interface_choice; policy adds access_granularity beyond the generator label",1,0,0,0,0,1,0,0,0,1,0,0,0,0,1,0,0,0
h5bench,16805295,mbanisha_h5bench_read_id16805295-2470727_3-18-55093-10058048942752272266_1.darshan,h5b_indep_small_n32_r2,slurm_out,interface_choice=1,"audited targets: access_granularity,interface_choice; policy adds access_granularity beyond the generator label",1,0,0,0,0,1,0,0,0,1,0,0,0,0,1,0,0,0
h5bench,16805296,mbanisha_h5bench_read_id16805296-2470943_3-18-55127-11545376757632972410_1.darshan,h5b_indep_small_n32_r3,slurm_out,interface_choice=1,"audited targets: access_granularity,interface_choice; policy adds access_granularity beyond the generator label",1,0,0,0,0,1,0,0,0,1,0,0,0,0,1,0,0,0
h5bench,16805297,mbanisha_h5bench_read_id16805297-2113012_3-18-55163-15365004673097549056_1.darshan,h5b_indep_small_n64_r1,slurm_out,interface_choice=1,"audited targets: access_granularity,interface_choice; policy adds access_granularity beyond the generator label",1,0,0,0,0,1,0,0,0,1,0,0,0,0,1,0,0,0
h5bench,16805298,mbanisha_h5bench_read_id16805298-2113295_3-18-55198-15040132102193390493_1.darshan,h5b_indep_small_n64_r2,slurm_out,interface_choice=1,"audited targets: access_granularity,interface_choice; policy adds access_granularity beyond the generator label",1,0,0,0,0,1,0,0,0,1,0,0,0,0,1,0,0,0
h5bench,16805299,mbanisha_h5bench_read_id16805299-2050580_3-18-55376-16334994466638634695_1.darshan,h5b_indep_small_n64_r3,slurm_out,interface_choice=1,"audited targets: access_granularity,interface_choice; policy adds access_granularity beyond the generator label",1,0,0,0,0,1,0,0,0,1,0,0,0,0,1,0,0,0
h5bench,16805309,mbanisha_h5bench_read_id16805309-2125122_3-18-56940-6818122990615758159_1.darshan,h5b_collective_small_n16_r1,slurm_out,access_granularity=1,"audited targets: access_granularity,interface_choice",1,0,0,0,0,0,0,0,0,1,0,0,0,0,1,0,0,0
h5bench,16805310,mbanisha_h5bench_read_id16805310-2125307_3-18-56973-7058911600252875340_1.darshan,h5b_collective_small_n16_r2,slurm_out,access_granularity=1,"audited targets: access_granularity,interface_choice",1,0,0,0,0,0,0,0,0,1,0,0,0,0,1,0,0,0
h5bench,16805311,mbanisha_h5bench_read_id16805311-1558391_3-18-57109-495243294829394568_1.darshan,h5b_collective_small_n16_r3,slurm_out,access_granularity=1,"audited targets: access_granularity,interface_choice",1,0,0,0,0,0,0,0,0,1,0,0,0,0,1,0,0,0
h5bench,16805312,mbanisha_h5bench_read_id16805312-1558915_3-18-57142-1532582768471326141_1.darshan,h5b_collective_small_n32_r1,slurm_out,access_granularity=1,"audited targets: access_granularity,interface_choice",1,0,0,0,0,0,0,0,0,1,0,0,0,0,1,0,0,0
h5bench,16805313,mbanisha_h5bench_read_id16805313-1559129_3-18-57175-15277208160583290300_1.darshan,h5b_collective_small_n32_r2,slurm_out,access_granularity=1,"audited targets: access_granularity,interface_choice",1,0,0,0,0,0,0,0,0,1,0,0,0,0,1,0,0,0
h5bench,16805314,mbanisha_h5bench_read_id16805314-1559664_3-18-57209-8454774141559300639_1.darshan,h5b_collective_small_n32_r3,slurm_out,access_granularity=1,"audited targets: access_granularity,interface_choice",1,0,0,0,0,0,0,0,0,1,0,0,0,0,1,0,0,0
h5bench,16805315,mbanisha_h5bench_read_id16805315-1560233_3-18-57244-9709208565783330655_1.darshan,h5b_collective_small_n64_r1,slurm_out,access_granularity=1,"audited targets: access_granularity,interface_choice",1,0,0,0,0,0,0,0,0,1,0,0,0,0,1,0,0,0
h5bench,16805316,mbanisha_h5bench_read_id16805316-1560514_3-18-57277-10280264348917020240_1.darshan,h5b_collective_small_n64_r2,slurm_out,access_granularity=1,"audited targets: access_granularity,interface_choice",1,0,0,0,0,0,0,0,0,1,0,0,0,0,1,0,0,0
h5bench,16805317,mbanisha_h5bench_read_id16805317-673806_3-18-57311-14296085597142105261_1.darshan,h5b_collective_small_n64_r3,slurm_out,access_granularity=1,"audited targets: access_granularity,interface_choice",1,0,0,0,0,0,0,0,0,1,0,0,0,0,1,0,0,0
h5bench,16805318,mbanisha_h5bench_read_id16805318-674042_3-18-57356-2379174408891473457_1.darshan,h5b_collective_large_healthy_n16_r1,slurm_out,healthy=1,"audited targets: access_granularity,interface_choice,metadata_intensity",0,0,0,0,0,0,0,0,1,1,1,0,0,0,1,0,0,0
h5bench,16805319,mbanisha_h5bench_read_id16805319-1562364_3-18-57528-17687531292627074480_1.darshan,h5b_collective_large_healthy_n16_r2,slurm_out,healthy=1,"audited targets: access_granularity,interface_choice,metadata_intensity",0,0,0,0,0,0,0,0,1,1,1,0,0,0,1,0,0,0
h5bench,16805320,mbanisha_h5bench_read_id16805320-1563193_3-18-57600-14273771174654072492_1.darshan,h5b_collective_large_healthy_n16_r3,slurm_out,healthy=1,"audited targets: access_granularity,interface_choice,metadata_intensity",0,0,0,0,0,0,0,0,1,1,1,0,0,0,1,0,0,0
h5bench,16805321,mbanisha_h5bench_read_id16805321-1563430_3-18-57685-1953960834170202460_1.darshan,h5b_collective_large_healthy_n32_r1,slurm_out,healthy=1,"audited targets: access_granularity,interface_choice,metadata_intensity",0,0,0,0,0,0,0,0,1,1,1,0,0,0,1,0,0,0
h5bench,16805322,mbanisha_h5bench_read_id16805322-1564009_3-18-57758-17588317218031253923_1.darshan,h5b_collective_large_healthy_n32_r2,slurm_out,healthy=1,"audited targets: access_granularity,interface_choice,metadata_intensity",0,0,0,0,0,0,0,0,1,1,1,0,0,0,1,0,0,0
h5bench,16805323,mbanisha_h5bench_read_id16805323-1564544_3-18-57827-4858398967578213592_1.darshan,h5b_collective_large_healthy_n32_r3,slurm_out,healthy=1,"audited targets: access_granularity,interface_choice,metadata_intensity",0,0,0,0,0,0,0,0,1,1,1,0,0,0,1,0,0,0
h5bench,16805324,mbanisha_h5bench_read_id16805324-1093917_3-18-58098-2039182534372739931_1.darshan,h5b_collective_large_healthy_n64_r1,slurm_out,healthy=1,"audited targets: access_granularity,interface_choice,metadata_intensity",0,0,0,0,0,0,0,0,1,1,1,0,0,0,1,0,0,0
h5bench,16805325,mbanisha_h5bench_read_id16805325-1094994_3-18-58210-17114270466512502129_1.darshan,h5b_collective_large_healthy_n64_r2,slurm_out,healthy=1,"audited targets: access_granularity,interface_choice,metadata_intensity",0,0,0,0,0,0,0,0,1,1,1,0,0,0,1,0,0,0
h5bench,16805326,mbanisha_h5bench_read_id16805326-1095920_3-18-58346-10182654579650396752_1.darshan,h5b_collective_large_healthy_n64_r3,slurm_out,healthy=1,"audited targets: access_granularity,interface_choice,metadata_intensity",0,0,0,0,0,0,0,0,1,1,1,0,0,0,1,0,0,0
h5bench,16805327,mbanisha_h5bench_read_id16805327-1097243_3-18-58510-16560602891182652089_1.darshan,h5b_collective_large_healthy_n128_r1,slurm_out,healthy=1,"audited targets: access_granularity,interface_choice,metadata_intensity",0,0,0,0,0,0,0,0,1,1,1,0,0,0,1,0,0,0
h5bench,16805328,mbanisha_h5bench_read_id16805328-1098950_3-18-58772-12343869393316865657_1.darshan,h5b_collective_large_healthy_n128_r2,slurm_out,healthy=1,"audited targets: access_granularity,interface_choice,metadata_intensity",0,0,0,0,0,0,0,0,1,1,1,0,0,0,1,0,0,0
h5bench,16805338,mbanisha_h5bench_read_id16805338-1101824_3-18-59125-6657644577502758373_1.darshan,h5b_collective_large_healthy_n128_r3,slurm_out,healthy=1,"audited targets: access_granularity,interface_choice,metadata_intensity",0,0,0,0,0,0,0,0,1,1,1,0,0,0,1,0,0,0
h5bench,16805339,mbanisha_h5bench_read_id16805339-1102752_3-18-59223-247101333130502800_1.darshan,h5b_indep_large_healthy_n4_r1,slurm_out,healthy=1,audited targets: access_granularity,0,0,0,0,0,0,0,0,1,1,0,0,0,0,0,0,0,0
h5bench,16805340,mbanisha_h5bench_read_id16805340-1102909_3-18-59257-6677477997794226239_1.darshan,h5b_indep_large_healthy_n4_r2,slurm_out,healthy=1,audited targets: access_granularity,0,0,0,0,0,0,0,0,1,1,0,0,0,0,0,0,0,0
h5bench,16805341,mbanisha_h5bench_read_id16805341-1103387_3-18-59294-10711029845305928014_1.darshan,h5b_indep_large_healthy_n4_r3,slurm_out,healthy=1,audited targets: access_granularity,0,0,0,0,0,0,0,0,1,1,0,0,0,0,0,0,0,0
h5bench,16805342,mbanisha_h5bench_read_id16805342-1103547_3-18-59332-3189204994068178617_1.darshan,h5b_indep_large_healthy_n8_r1,slurm_out,healthy=1,audited targets: access_granularity,0,0,0,0,0,0,0,0,1,1,0,0,0,0,0,0,0,0
h5bench,16805343,mbanisha_h5bench_read_id16805343-1104034_3-18-59368-2513539404728147484_1.darshan,h5b_indep_large_healthy_n8_r2,slurm_out,healthy=1,audited targets: access_granularity,0,0,0,0,0,0,0,0,1,1,0,0,0,0,0,0,0,0
h5bench,16805344,mbanisha_h5bench_read_id16805344-2140585_3-18-59583-15551957069921761811_1.darshan,h5b_indep_large_healthy_n8_r3,slurm_out,healthy=1,audited targets: access_granularity,0,0,0,0,0,0,0,0,1,1,0,0,0,0,0,0,0,0
h5bench,16805345,mbanisha_h5bench_read_id16805345-2140764_3-18-59624-9720870161562851727_1.darshan,h5b_indep_large_healthy_n16_r1,slurm_out,healthy=1,audited targets: access_granularity,0,0,0,0,0,0,0,0,1,1,0,0,0,0,0,0,0,0
h5bench,16805346,mbanisha_h5bench_read_id16805346-3596118_3-18-60448-16318766892327212074_1.darshan,h5b_indep_large_healthy_n16_r2,slurm_out,healthy=1,audited targets: access_granularity,0,0,0,0,0,0,0,0,1,1,0,0,0,0,0,0,0,0
h5bench,16805347,mbanisha_h5bench_read_id16805347-3596625_3-18-60517-6682976208363557719_1.darshan,h5b_indep_large_healthy_n16_r3,slurm_out,healthy=1,audited targets: access_granularity,0,0,0,0,0,0,0,0,1,1,0,0,0,0,0,0,0,0
h5bench,16805366,mbanisha_h5bench_read_id16805366-246122_3-18-61488-3028142761286627299_1.darshan,h5b_indep_small_single_ost_n32_r1,none,"access_granularity=1,interface_choice=1,throughput_utilization=1",scenario does not meet a registered target rule or has a storage-layout confound,0,0,0,0,0,0,0,0,0,0,0,0,0,0,0,0,0,0
h5bench,16805367,mbanisha_h5bench_read_id16805367-685194_3-18-61522-1770548956506632333_1.darshan,h5b_indep_small_single_ost_n32_r2,none,"access_granularity=1,interface_choice=1,throughput_utilization=1",scenario does not meet a registered target rule or has a storage-layout confound,0,0,0,0,0,0,0,0,0,0,0,0,0,0,0,0,0,0
h5bench,16805368,mbanisha_h5bench_read_id16805368-685414_3-18-61556-13478517557403665847_1.darshan,h5b_indep_small_single_ost_n32_r3,none,"access_granularity=1,interface_choice=1,throughput_utilization=1",scenario does not meet a registered target rule or has a storage-layout confound,0,0,0,0,0,0,0,0,0,0,0,0,0,0,0,0,0,0
h5bench,16805369,mbanisha_h5bench_read_id16805369-2153137_3-18-61589-9900011446417071286_1.darshan,h5b_indep_small_single_ost_n64_r1,none,"access_granularity=1,interface_choice=1,throughput_utilization=1",scenario does not meet a registered target rule or has a storage-layout confound,0,0,0,0,0,0,0,0,0,0,0,0,0,0,0,0,0,0
h5bench,16805370,mbanisha_h5bench_read_id16805370-2153746_3-18-61622-17509069943360987293_1.darshan,h5b_indep_small_single_ost_n64_r2,none,"access_granularity=1,interface_choice=1,throughput_utilization=1",scenario does not meet a registered target rule or has a storage-layout confound,0,0,0,0,0,0,0,0,0,0,0,0,0,0,0,0,0,0
h5bench,16805376,mbanisha_h5bench_read_id16805376-2154026_3-18-61656-12810102397098240039_1.darshan,h5b_indep_small_single_ost_n64_r3,none,"access_granularity=1,interface_choice=1,throughput_utilization=1",scenario does not meet a registered target rule or has a storage-layout confound,0,0,0,0,0,0,0,0,0,0,0,0,0,0,0,0,0,0
h5bench,16805377,mbanisha_h5bench_read_id16805377-2154693_3-18-61692-16466112599235074088_1.darshan,h5b_indep_small_single_ost_n128_r1,none,"access_granularity=1,interface_choice=1,throughput_utilization=1",scenario does not meet a registered target rule or has a storage-layout confound,0,0,0,0,0,0,0,0,0,0,0,0,0,0,0,0,0,0
h5bench,16805378,mbanisha_h5bench_read_id16805378-2155108_3-18-61729-11549806565064092989_1.darshan,h5b_indep_small_single_ost_n128_r2,none,"access_granularity=1,interface_choice=1,throughput_utilization=1",scenario does not meet a registered target rule or has a storage-layout confound,0,0,0,0,0,0,0,0,0,0,0,0,0,0,0,0,0,0
h5bench,16805379,mbanisha_h5bench_read_id16805379-1587991_3-18-61831-11400816611984415654_1.darshan,h5b_indep_small_single_ost_n128_r3,none,"access_granularity=1,interface_choice=1,throughput_utilization=1",scenario does not meet a registered target rule or has a storage-layout confound,0,0,0,0,0,0,0,0,0,0,0,0,0,0,0,0,0,0
h5bench,16805291,mbanisha_h5bench_write_id16805291-2468939_3-18-54948-13780377944866327410_1.darshan,h5b_indep_small_n16_r1,slurm_out,interface_choice=1,"audited targets: access_granularity,interface_choice; policy adds access_granularity beyond the generator label",1,0,0,0,0,1,0,0,0,1,0,0,0,0,1,0,0,0
h5bench,16805292,mbanisha_h5bench_write_id16805292-2469452_3-18-54983-17871251139713246411_1.darshan,h5b_indep_small_n16_r2,slurm_out,interface_choice=1,"audited targets: access_granularity,interface_choice; policy adds access_granularity beyond the generator label",1,0,0,0,0,1,0,0,0,1,0,0,0,0,1,0,0,0
h5bench,16805293,mbanisha_h5bench_write_id16805293-2469636_3-18-55018-13364923511312412895_1.darshan,h5b_indep_small_n16_r3,slurm_out,interface_choice=1,"audited targets: access_granularity,interface_choice; policy adds access_granularity beyond the generator label",1,0,0,0,0,1,0,0,0,1,0,0,0,0,1,0,0,0
h5bench,16805294,mbanisha_h5bench_write_id16805294-2470139_3-18-55055-9285949801979423044_1.darshan,h5b_indep_small_n32_r1,slurm_out,interface_choice=1,"audited targets: access_granularity,interface_choice; policy adds access_granularity beyond the generator label",1,0,0,0,0,1,0,0,0,1,0,0,0,0,1,0,0,0
h5bench,16805295,mbanisha_h5bench_write_id16805295-2470674_3-18-55090-14764273403300103734_1.darshan,h5b_indep_small_n32_r2,slurm_out,interface_choice=1,"audited targets: access_granularity,interface_choice; policy adds access_granularity beyond the generator label",1,0,0,0,0,1,0,0,0,1,0,0,0,0,1,0,0,0
h5bench,16805296,mbanisha_h5bench_write_id16805296-2470890_3-18-55125-14608869931341760316_1.darshan,h5b_indep_small_n32_r3,slurm_out,interface_choice=1,"audited targets: access_granularity,interface_choice; policy adds access_granularity beyond the generator label",1,0,0,0,0,1,0,0,0,1,0,0,0,0,1,0,0,0
h5bench,16805297,mbanisha_h5bench_write_id16805297-2112921_3-18-55161-7999078299327206793_1.darshan,h5b_indep_small_n64_r1,slurm_out,interface_choice=1,"audited targets: access_granularity,interface_choice; policy adds access_granularity beyond the generator label",1,0,0,0,0,1,0,0,0,1,0,0,0,0,1,0,0,0
h5bench,16805298,mbanisha_h5bench_write_id16805298-2113209_3-18-55196-17036898788106100730_1.darshan,h5b_indep_small_n64_r2,slurm_out,interface_choice=1,"audited targets: access_granularity,interface_choice; policy adds access_granularity beyond the generator label",1,0,0,0,0,1,0,0,0,1,0,0,0,0,1,0,0,0
h5bench,16805299,mbanisha_h5bench_write_id16805299-2050489_3-18-55373-17327512341603211774_1.darshan,h5b_indep_small_n64_r3,slurm_out,interface_choice=1,"audited targets: access_granularity,interface_choice; policy adds access_granularity beyond the generator label",1,0,0,0,0,1,0,0,0,1,0,0,0,0,1,0,0,0
h5bench,16805300,mbanisha_h5bench_write_id16805300-2051101_3-18-55408-3963133838052356846_1.darshan,h5b_interleaved_access_n16_r1,slurm_out,healthy=1,audited targets: access_pattern,0,0,0,0,0,0,0,0,1,0,0,0,1,0,0,0,0,0
h5bench,16805301,mbanisha_h5bench_write_id16805301-3019564_3-18-56351-5320428153955903430_1.darshan,h5b_interleaved_access_n16_r2,slurm_out,healthy=1,audited targets: access_pattern,0,0,0,0,0,0,0,0,1,0,0,0,1,0,0,0,0,0
h5bench,16805302,mbanisha_h5bench_write_id16805302-3019743_3-18-56385-12368932258897198770_1.darshan,h5b_interleaved_access_n16_r3,slurm_out,healthy=1,audited targets: access_pattern,0,0,0,0,0,0,0,0,1,0,0,0,1,0,0,0,0,0
h5bench,16805303,mbanisha_h5bench_write_id16805303-3020264_3-18-56419-12057670071768051768_1.darshan,h5b_interleaved_access_n32_r1,slurm_out,healthy=1,audited targets: access_pattern,0,0,0,0,0,0,0,0,1,0,0,0,1,0,0,0,0,0
h5bench,16805304,mbanisha_h5bench_write_id16805304-3020478_3-18-56455-15077712756713315252_1.darshan,h5b_interleaved_access_n32_r2,slurm_out,healthy=1,audited targets: access_pattern,0,0,0,0,0,0,0,0,1,0,0,0,1,0,0,0,0,0
h5bench,16805305,mbanisha_h5bench_write_id16805305-3021042_3-18-56490-13357755405183600648_1.darshan,h5b_interleaved_access_n32_r3,slurm_out,healthy=1,audited targets: access_pattern,0,0,0,0,0,0,0,0,1,0,0,0,1,0,0,0,0,0
h5bench,16805306,mbanisha_h5bench_write_id16805306-3608813_3-18-56594-13954092258526692781_1.darshan,h5b_interleaved_access_n64_r1,slurm_out,healthy=1,audited targets: access_pattern,0,0,0,0,0,0,0,0,1,0,0,0,1,0,0,0,0,0
h5bench,16805307,mbanisha_h5bench_write_id16805307-3609427_3-18-56663-16220569137801462125_1.darshan,h5b_interleaved_access_n64_r2,slurm_out,healthy=1,audited targets: access_pattern,0,0,0,0,0,0,0,0,1,0,0,0,1,0,0,0,0,0
h5bench,16805308,mbanisha_h5bench_write_id16805308-2124156_3-18-56871-15647341964761386530_1.darshan,h5b_interleaved_access_n64_r3,slurm_out,healthy=1,audited targets: access_pattern,0,0,0,0,0,0,0,0,1,0,0,0,1,0,0,0,0,0
h5bench,16805309,mbanisha_h5bench_write_id16805309-2124763_3-18-56939-14982909250889757059_1.darshan,h5b_collective_small_n16_r1,slurm_out,access_granularity=1,"audited targets: access_granularity,interface_choice",1,0,0,0,0,0,0,0,0,1,0,0,0,0,1,0,0,0
h5bench,16805310,mbanisha_h5bench_write_id16805310-2125269_3-18-56973-2687115493375923341_1.darshan,h5b_collective_small_n16_r2,slurm_out,access_granularity=1,"audited targets: access_granularity,interface_choice",1,0,0,0,0,0,0,0,0,1,0,0,0,0,1,0,0,0
h5bench,16805311,mbanisha_h5bench_write_id16805311-1558347_3-18-57108-5961373319956195214_1.darshan,h5b_collective_small_n16_r3,slurm_out,access_granularity=1,"audited targets: access_granularity,interface_choice",1,0,0,0,0,0,0,0,0,1,0,0,0,0,1,0,0,0
h5bench,16805312,mbanisha_h5bench_write_id16805312-1558860_3-18-57141-7259560392556358232_1.darshan,h5b_collective_small_n32_r1,slurm_out,access_granularity=1,"audited targets: access_granularity,interface_choice",1,0,0,0,0,0,0,0,0,1,0,0,0,0,1,0,0,0
h5bench,16805313,mbanisha_h5bench_write_id16805313-1559076_3-18-57174-10916543583796850547_1.darshan,h5b_collective_small_n32_r2,slurm_out,access_granularity=1,"audited targets: access_granularity,interface_choice",1,0,0,0,0,0,0,0,0,1,0,0,0,0,1,0,0,0
h5bench,16805314,mbanisha_h5bench_write_id16805314-1559612_3-18-57208-5007235499141235343_1.darshan,h5b_collective_small_n32_r3,slurm_out,access_granularity=1,"audited targets: access_granularity,interface_choice",1,0,0,0,0,0,0,0,0,1,0,0,0,0,1,0,0,0
h5bench,16805315,mbanisha_h5bench_write_id16805315-1560147_3-18-57242-11588872618716530664_1.darshan,h5b_collective_small_n64_r1,slurm_out,access_granularity=1,"audited targets: access_granularity,interface_choice",1,0,0,0,0,0,0,0,0,1,0,0,0,0,1,0,0,0
h5bench,16805316,mbanisha_h5bench_write_id16805316-1560427_3-18-57275-7750285384159279564_1.darshan,h5b_collective_small_n64_r2,slurm_out,access_granularity=1,"audited targets: access_granularity,interface_choice",1,0,0,0,0,0,0,0,0,1,0,0,0,0,1,0,0,0
h5bench,16805317,mbanisha_h5bench_write_id16805317-673717_3-18-57309-12963649580302888055_1.darshan,h5b_collective_small_n64_r3,slurm_out,access_granularity=1,"audited targets: access_granularity,interface_choice",1,0,0,0,0,0,0,0,0,1,0,0,0,0,1,0,0,0
h5bench,16805318,mbanisha_h5bench_write_id16805318-674004_3-18-57342-9401073794395361110_1.darshan,h5b_collective_large_healthy_n16_r1,slurm_out,healthy=1,"audited targets: access_granularity,interface_choice,metadata_intensity",0,0,0,0,0,0,0,0,1,1,1,0,0,0,1,0,0,0
h5bench,16805319,mbanisha_h5bench_write_id16805319-1562327_3-18-57513-8292313021172205405_1.darshan,h5b_collective_large_healthy_n16_r2,slurm_out,healthy=1,"audited targets: access_granularity,interface_choice,metadata_intensity",0,0,0,0,0,0,0,0,1,1,1,0,0,0,1,0,0,0
h5bench,16805320,mbanisha_h5bench_write_id16805320-1562831_3-18-57585-15318418976792853379_1.darshan,h5b_collective_large_healthy_n16_r3,slurm_out,healthy=1,"audited targets: access_granularity,interface_choice,metadata_intensity",0,0,0,0,0,0,0,0,1,1,1,0,0,0,1,0,0,0
h5bench,16805321,mbanisha_h5bench_write_id16805321-1563035_3-18-57657-16457074577738174553_1.darshan,h5b_collective_large_healthy_n32_r1,slurm_out,healthy=1,"audited targets: access_granularity,interface_choice,metadata_intensity",0,0,0,0,0,0,0,0,1,1,1,0,0,0,1,0,0,0
h5bench,16805322,mbanisha_h5bench_write_id16805322-1563956_3-18-57728-9169265422673185043_1.darshan,h5b_collective_large_healthy_n32_r2,slurm_out,healthy=1,"audited targets: access_granularity,interface_choice,metadata_intensity",0,0,0,0,0,0,0,0,1,1,1,0,0,0,1,0,0,0
h5bench,16805323,mbanisha_h5bench_write_id16805323-1564491_3-18-57799-18170955133216407243_1.darshan,h5b_collective_large_healthy_n32_r3,slurm_out,healthy=1,"audited targets: access_granularity,interface_choice,metadata_intensity",0,0,0,0,0,0,0,0,1,1,1,0,0,0,1,0,0,0
h5bench,16805324,mbanisha_h5bench_write_id16805324-1093509_3-18-58044-657626418400307812_1.darshan,h5b_collective_large_healthy_n64_r1,slurm_out,healthy=1,"audited targets: access_granularity,interface_choice,metadata_intensity",0,0,0,0,0,0,0,0,1,1,1,0,0,0,1,0,0,0
h5bench,16805325,mbanisha_h5bench_write_id16805325-1094436_3-18-58147-3002427705710176911_1.darshan,h5b_collective_large_healthy_n64_r2,slurm_out,healthy=1,"audited targets: access_granularity,interface_choice,metadata_intensity",0,0,0,0,0,0,0,0,1,1,1,0,0,0,1,0,0,0
h5bench,16805326,mbanisha_h5bench_write_id16805326-1095513_3-18-58289-16669059152240194422_1.darshan,h5b_collective_large_healthy_n64_r3,slurm_out,healthy=1,"audited targets: access_granularity,interface_choice,metadata_intensity",0,0,0,0,0,0,0,0,1,1,1,0,0,0,1,0,0,0
h5bench,16805327,mbanisha_h5bench_write_id16805327-1096440_3-18-58396-4824274240163327401_1.darshan,h5b_collective_large_healthy_n128_r1,slurm_out,healthy=1,"audited targets: access_granularity,interface_choice,metadata_intensity",0,0,0,0,0,0,0,0,1,1,1,0,0,0,1,0,0,0
h5bench,16805328,mbanisha_h5bench_write_id16805328-1098155_3-18-58647-3906296619433477507_1.darshan,h5b_collective_large_healthy_n128_r2,slurm_out,healthy=1,"audited targets: access_granularity,interface_choice,metadata_intensity",0,0,0,0,0,0,0,0,1,1,1,0,0,0,1,0,0,0
h5bench,16805338,mbanisha_h5bench_write_id16805338-1101127_3-18-59040-6798730404494550291_1.darshan,h5b_collective_large_healthy_n128_r3,slurm_out,healthy=1,"audited targets: access_granularity,interface_choice,metadata_intensity",0,0,0,0,0,0,0,0,1,1,1,0,0,0,1,0,0,0
h5bench,16805339,mbanisha_h5bench_write_id16805339-1102406_3-18-59217-12839011922675954519_1.darshan,h5b_indep_large_healthy_n4_r1,slurm_out,healthy=1,audited targets: access_granularity,0,0,0,0,0,0,0,0,1,1,0,0,0,0,0,0,0,0
h5bench,16805340,mbanisha_h5bench_write_id16805340-1102885_3-18-59253-6172249975381015513_1.darshan,h5b_indep_large_healthy_n4_r2,slurm_out,healthy=1,audited targets: access_granularity,0,0,0,0,0,0,0,0,1,1,0,0,0,0,0,0,0,0
h5bench,16805341,mbanisha_h5bench_write_id16805341-1103362_3-18-59289-394825283844048759_1.darshan,h5b_indep_large_healthy_n4_r3,slurm_out,healthy=1,audited targets: access_granularity,0,0,0,0,0,0,0,0,1,1,0,0,0,0,0,0,0,0
h5bench,16805342,mbanisha_h5bench_write_id16805342-1103518_3-18-59324-16010926506654670341_1.darshan,h5b_indep_large_healthy_n8_r1,slurm_out,healthy=1,audited targets: access_granularity,0,0,0,0,0,0,0,0,1,1,0,0,0,0,0,0,0,0
h5bench,16805343,mbanisha_h5bench_write_id16805343-1104005_3-18-59360-7311140947412438481_1.darshan,h5b_indep_large_healthy_n8_r2,slurm_out,healthy=1,audited targets: access_granularity,0,0,0,0,0,0,0,0,1,1,0,0,0,0,0,0,0,0
h5bench,16805344,mbanisha_h5bench_write_id16805344-2140233_3-18-59574-14074624930756131241_1.darshan,h5b_indep_large_healthy_n8_r3,slurm_out,healthy=1,audited targets: access_granularity,0,0,0,0,0,0,0,0,1,1,0,0,0,0,0,0,0,0
h5bench,16805345,mbanisha_h5bench_write_id16805345-2140726_3-18-59610-10116063792363007755_1.darshan,h5b_indep_large_healthy_n16_r1,slurm_out,healthy=1,audited targets: access_granularity,0,0,0,0,0,0,0,0,1,1,0,0,0,0,0,0,0,0
h5bench,16805346,mbanisha_h5bench_write_id16805346-3596072_3-18-60433-9756392327177455348_1.darshan,h5b_indep_large_healthy_n16_r2,slurm_out,healthy=1,audited targets: access_granularity,0,0,0,0,0,0,0,0,1,1,0,0,0,0,0,0,0,0
h5bench,16805347,mbanisha_h5bench_write_id16805347-3596588_3-18-60504-7856984346914375262_1.darshan,h5b_indep_large_healthy_n16_r3,slurm_out,healthy=1,audited targets: access_granularity,0,0,0,0,0,0,0,0,1,1,0,0,0,0,0,0,0,0
h5bench,16805348,mbanisha_h5bench_write_id16805348-3597092_3-18-60574-6863330150494278746_1.darshan,h5b_indep_small_interleaved_n16_r1,none,"access_granularity=1,interface_choice=1",interleaved runs below 64 ranks issue fewer MPI-IO operations than the registered threshold,0,0,0,0,0,0,0,0,0,0,0,0,0,0,0,0,0,0
h5bench,16805349,mbanisha_h5bench_write_id16805349-3597615_3-18-60610-4889708691446457549_1.darshan,h5b_indep_small_interleaved_n16_r2,none,"access_granularity=1,interface_choice=1",interleaved runs below 64 ranks issue fewer MPI-IO operations than the registered threshold,0,0,0,0,0,0,0,0,0,0,0,0,0,0,0,0,0,0
h5bench,16805350,mbanisha_h5bench_write_id16805350-3597799_3-18-60646-16511543860226868654_1.darshan,h5b_indep_small_interleaved_n16_r3,none,"access_granularity=1,interface_choice=1",interleaved runs below 64 ranks issue fewer MPI-IO operations than the registered threshold,0,0,0,0,0,0,0,0,0,0,0,0,0,0,0,0,0,0
h5bench,16805351,mbanisha_h5bench_write_id16805351-3598299_3-18-60715-1448026124227076173_1.darshan,h5b_indep_small_interleaved_n32_r1,none,"access_granularity=1,interface_choice=1",interleaved runs below 64 ranks issue fewer MPI-IO operations than the registered threshold,0,0,0,0,0,0,0,0,0,0,0,0,0,0,0,0,0,0
h5bench,16805352,mbanisha_h5bench_write_id16805352-3598836_3-18-60751-6353404734105156139_1.darshan,h5b_indep_small_interleaved_n32_r2,none,"access_granularity=1,interface_choice=1",interleaved runs below 64 ranks issue fewer MPI-IO operations than the registered threshold,0,0,0,0,0,0,0,0,0,0,0,0,0,0,0,0,0,0
h5bench,16805353,mbanisha_h5bench_write_id16805353-3599386_3-18-60787-1451598756617052707_1.darshan,h5b_indep_small_interleaved_n32_r3,none,"access_granularity=1,interface_choice=1",interleaved runs below 64 ranks issue fewer MPI-IO operations than the registered threshold,0,0,0,0,0,0,0,0,0,0,0,0,0,0,0,0,0,0
h5bench,16805354,mbanisha_h5bench_write_id16805354-239382_3-18-60823-1274615925954134209_1.darshan,h5b_indep_small_interleaved_n64_r1,slurm_out,"access_granularity=1,interface_choice=1","audited targets: access_granularity,interface_choice",1,0,0,0,0,1,0,0,0,1,0,0,0,0,1,0,0,0
h5bench,16805355,mbanisha_h5bench_write_id16805355-240006_3-18-60858-930848029528048441_1.darshan,h5b_indep_small_interleaved_n64_r2,slurm_out,"access_granularity=1,interface_choice=1","audited targets: access_granularity,interface_choice",1,0,0,0,0,1,0,0,0,1,0,0,0,0,1,0,0,0
h5bench,16805356,mbanisha_h5bench_write_id16805356-240302_3-18-60894-10073955625390012957_1.darshan,h5b_indep_small_interleaved_n64_r3,slurm_out,"access_granularity=1,interface_choice=1","audited targets: access_granularity,interface_choice",1,0,0,0,0,1,0,0,0,1,0,0,0,0,1,0,0,0
h5bench,16805357,mbanisha_h5bench_write_id16805357-240923_3-18-60929-6513503963139263329_1.darshan,h5b_indep_interleaved_n16_r1,none,interface_choice=1,scenario does not meet a registered target rule or has a storage-layout confound,0,0,0,0,0,0,0,0,0,0,0,0,0,0,0,0,0,0
h5bench,16805358,mbanisha_h5bench_write_id16805358-241437_3-18-60966-727888418574302971_1.darshan,h5b_indep_interleaved_n16_r2,none,interface_choice=1,scenario does not meet a registered target rule or has a storage-layout confound,0,0,0,0,0,0,0,0,0,0,0,0,0,0,0,0,0,0
h5bench,16805359,mbanisha_h5bench_write_id16805359-241632_3-18-61000-9953908984243860789_1.darshan,h5b_indep_interleaved_n16_r3,none,interface_choice=1,scenario does not meet a registered target rule or has a storage-layout confound,0,0,0,0,0,0,0,0,0,0,0,0,0,0,0,0,0,0
h5bench,16805360,mbanisha_h5bench_write_id16805360-242146_3-18-61036-11133295194527407692_1.darshan,h5b_indep_interleaved_n32_r1,none,interface_choice=1,scenario does not meet a registered target rule or has a storage-layout confound,0,0,0,0,0,0,0,0,0,0,0,0,0,0,0,0,0,0
h5bench,16805361,mbanisha_h5bench_write_id16805361-242703_3-18-61107-17584245095848007029_1.darshan,h5b_indep_interleaved_n32_r2,none,interface_choice=1,scenario does not meet a registered target rule or has a storage-layout confound,0,0,0,0,0,0,0,0,0,0,0,0,0,0,0,0,0,0
h5bench,16805362,mbanisha_h5bench_write_id16805362-243249_3-18-61143-9808806302080570625_1.darshan,h5b_indep_interleaved_n32_r3,none,interface_choice=1,scenario does not meet a registered target rule or has a storage-layout confound,0,0,0,0,0,0,0,0,0,0,0,0,0,0,0,0,0,0
h5bench,16805363,mbanisha_h5bench_write_id16805363-243829_3-18-61213-15942146206893782860_1.darshan,h5b_indep_interleaved_n64_r1,none,interface_choice=1,scenario does not meet a registered target rule or has a storage-layout confound,0,0,0,0,0,0,0,0,0,0,0,0,0,0,0,0,0,0
h5bench,16805364,mbanisha_h5bench_write_id16805364-244821_3-18-61350-9729574684474251267_1.darshan,h5b_indep_interleaved_n64_r2,none,interface_choice=1,scenario does not meet a registered target rule or has a storage-layout confound,0,0,0,0,0,0,0,0,0,0,0,0,0,0,0,0,0,0
h5bench,16805365,mbanisha_h5bench_write_id16805365-245443_3-18-61418-816989683896077393_1.darshan,h5b_indep_interleaved_n64_r3,none,interface_choice=1,scenario does not meet a registered target rule or has a storage-layout confound,0,0,0,0,0,0,0,0,0,0,0,0,0,0,0,0,0,0
h5bench,16805366,mbanisha_h5bench_write_id16805366-246069_3-18-61486-4806749711613093259_1.darshan,h5b_indep_small_single_ost_n32_r1,none,"access_granularity=1,interface_choice=1,throughput_utilization=1",scenario does not meet a registered target rule or has a storage-layout confound,0,0,0,0,0,0,0,0,0,0,0,0,0,0,0,0,0,0
h5bench,16805367,mbanisha_h5bench_write_id16805367-685133_3-18-61520-4434914584787063541_1.darshan,h5b_indep_small_single_ost_n32_r2,none,"access_granularity=1,interface_choice=1,throughput_utilization=1",scenario does not meet a registered target rule or has a storage-layout confound,0,0,0,0,0,0,0,0,0,0,0,0,0,0,0,0,0,0
h5bench,16805368,mbanisha_h5bench_write_id16805368-685361_3-18-61553-16277935908019726635_1.darshan,h5b_indep_small_single_ost_n32_r3,none,"access_granularity=1,interface_choice=1,throughput_utilization=1",scenario does not meet a registered target rule or has a storage-layout confound,0,0,0,0,0,0,0,0,0,0,0,0,0,0,0,0,0,0
h5bench,16805369,mbanisha_h5bench_write_id16805369-2153048_3-18-61587-8402939670228763000_1.darshan,h5b_indep_small_single_ost_n64_r1,none,"access_granularity=1,interface_choice=1,throughput_utilization=1",scenario does not meet a registered target rule or has a storage-layout confound,0,0,0,0,0,0,0,0,0,0,0,0,0,0,0,0,0,0
h5bench,16805370,mbanisha_h5bench_write_id16805370-2153658_3-18-61620-4585675154842704829_1.darshan,h5b_indep_small_single_ost_n64_r2,none,"access_granularity=1,interface_choice=1,throughput_utilization=1",scenario does not meet a registered target rule or has a storage-layout confound,0,0,0,0,0,0,0,0,0,0,0,0,0,0,0,0,0,0
h5bench,16805376,mbanisha_h5bench_write_id16805376-2153941_3-18-61655-10954726204747437422_1.darshan,h5b_indep_small_single_ost_n64_r3,none,"access_granularity=1,interface_choice=1,throughput_utilization=1",scenario does not meet a registered target rule or has a storage-layout confound,0,0,0,0,0,0,0,0,0,0,0,0,0,0,0,0,0,0
h5bench,16805377,mbanisha_h5bench_write_id16805377-2154540_3-18-61689-5891121007754825174_1.darshan,h5b_indep_small_single_ost_n128_r1,none,"access_granularity=1,interface_choice=1,throughput_utilization=1",scenario does not meet a registered target rule or has a storage-layout confound,0,0,0,0,0,0,0,0,0,0,0,0,0,0,0,0,0,0
h5bench,16805378,mbanisha_h5bench_write_id16805378-2154957_3-18-61723-15931515955588632869_1.darshan,h5b_indep_small_single_ost_n128_r2,none,"access_granularity=1,interface_choice=1,throughput_utilization=1",scenario does not meet a registered target rule or has a storage-layout confound,0,0,0,0,0,0,0,0,0,0,0,0,0,0,0,0,0,0
h5bench,16805379,mbanisha_h5bench_write_id16805379-1587820_3-18-61824-894827107763765512_1.darshan,h5b_indep_small_single_ost_n128_r3,none,"access_granularity=1,interface_choice=1,throughput_utilization=1",scenario does not meet a registered target rule or has a storage-layout confound,0,0,0,0,0,0,0,0,0,0,0,0,0,0,0,0,0,0
hacc_io,16788714,mbanisha_hacc_io_fpp_id16788714-4102540_3-18-4797-16029872467569553095_1.darshan,hacc_fpp_many_ranks_p100000_n32_r1,none,file_strategy=1,HACC construction does not isolate a registered target,0,0,0,0,0,0,0,0,0,0,0,0,0,0,0,0,0,0
hacc_io,16788715,mbanisha_hacc_io_fpp_id16788715-4103040_3-18-4829-4366201744813424515_1.darshan,hacc_fpp_many_ranks_p100000_n32_r2,none,file_strategy=1,HACC construction does not isolate a registered target,0,0,0,0,0,0,0,0,0,0,0,0,0,0,0,0,0,0
hacc_io,16788716,mbanisha_hacc_io_fpp_id16788716-4103523_3-18-4861-6991136258751335489_1.darshan,hacc_fpp_many_ranks_p100000_n32_r3,none,file_strategy=1,HACC construction does not isolate a registered target,0,0,0,0,0,0,0,0,0,0,0,0,0,0,0,0,0,0
hacc_io,16788717,mbanisha_hacc_io_fpp_id16788717-4103684_3-18-4893-13436643080370026094_1.darshan,hacc_fpp_many_ranks_p100000_n64_r1,none,file_strategy=1,HACC construction does not isolate a registered target,0,0,0,0,0,0,0,0,0,0,0,0,0,0,0,0,0,0
hacc_io,16788718,mbanisha_hacc_io_fpp_id16788718-4104202_3-18-4924-5270364733974238139_1.darshan,hacc_fpp_many_ranks_p100000_n64_r2,none,file_strategy=1,HACC construction does not isolate a registered target,0,0,0,0,0,0,0,0,0,0,0,0,0,0,0,0,0,0
hacc_io,16788719,mbanisha_hacc_io_fpp_id16788719-4104396_3-18-4956-6811099363568673242_1.darshan,hacc_fpp_many_ranks_p100000_n64_r3,none,file_strategy=1,HACC construction does not isolate a registered target,0,0,0,0,0,0,0,0,0,0,0,0,0,0,0,0,0,0
hacc_io,16788720,mbanisha_hacc_io_fpp_id16788720-4104908_3-18-4988-14344687720144474595_1.darshan,hacc_fpp_many_ranks_p100000_n128_r1,none,file_strategy=1,HACC construction does not isolate a registered target,0,0,0,0,0,0,0,0,0,0,0,0,0,0,0,0,0,0
hacc_io,16788721,mbanisha_hacc_io_fpp_id16788721-4105175_3-18-5020-14466679929187304740_1.darshan,hacc_fpp_many_ranks_p100000_n128_r2,none,file_strategy=1,HACC construction does not isolate a registered target,0,0,0,0,0,0,0,0,0,0,0,0,0,0,0,0,0,0
hacc_io,16788722,mbanisha_hacc_io_fpp_id16788722-4105754_3-18-5051-1114122679868857488_1.darshan,hacc_fpp_many_ranks_p100000_n128_r3,none,file_strategy=1,HACC construction does not isolate a registered target,0,0,0,0,0,0,0,0,0,0,0,0,0,0,0,0,0,0
hacc_io,16788744,mbanisha_hacc_io_fpp_id16788744-4113691_3-18-5745-10606423942286372698_1.darshan,hacc_fpp_healthy_p2000000_n4_r1,slurm_out,healthy=1,audited targets: file_strategy,0,0,0,0,0,0,0,0,1,0,0,0,0,0,0,1,0,0
hacc_io,16788745,mbanisha_hacc_io_fpp_id16788745-4114146_3-18-5776-11853207599124542697_1.darshan,hacc_fpp_healthy_p2000000_n4_r2,slurm_out,healthy=1,audited targets: file_strategy,0,0,0,0,0,0,0,0,1,0,0,0,0,0,0,1,0,0
hacc_io,16788746,mbanisha_hacc_io_fpp_id16788746-4114277_3-18-5808-14811483082987492664_1.darshan,hacc_fpp_healthy_p2000000_n4_r3,slurm_out,healthy=1,audited targets: file_strategy,0,0,0,0,0,0,0,0,1,0,0,0,0,0,0,1,0,0
hacc_io,16788747,mbanisha_hacc_io_fpp_id16788747-4114729_3-18-5840-608485511373537976_1.darshan,hacc_fpp_healthy_p2000000_n8_r1,slurm_out,healthy=1,audited targets: file_strategy,0,0,0,0,0,0,0,0,1,0,0,0,0,0,0,1,0,0
hacc_io,16788748,mbanisha_hacc_io_fpp_id16788748-4114866_3-18-5872-16988647035852509752_1.darshan,hacc_fpp_healthy_p2000000_n8_r2,slurm_out,healthy=1,audited targets: file_strategy,0,0,0,0,0,0,0,0,1,0,0,0,0,0,0,1,0,0
hacc_io,16788749,mbanisha_hacc_io_fpp_id16788749-4115324_3-18-5904-4045921456230322012_1.darshan,hacc_fpp_healthy_p2000000_n8_r3,slurm_out,healthy=1,audited targets: file_strategy,0,0,0,0,0,0,0,0,1,0,0,0,0,0,0,1,0,0
hacc_io,16788750,mbanisha_hacc_io_fpp_id16788750-4115463_3-18-5935-17363322021363441124_1.darshan,hacc_fpp_healthy_p2000000_n16_r1,slurm_out,healthy=1,audited targets: file_strategy,0,0,0,0,0,0,0,0,1,0,0,0,0,0,0,1,0,0
hacc_io,16788751,mbanisha_hacc_io_fpp_id16788751-4115928_3-18-5967-16255520278648734696_1.darshan,hacc_fpp_healthy_p2000000_n16_r2,slurm_out,healthy=1,audited targets: file_strategy,0,0,0,0,0,0,0,0,1,0,0,0,0,0,0,1,0,0
hacc_io,16788752,mbanisha_hacc_io_fpp_id16788752-4116105_3-18-6000-14731605795961697759_1.darshan,hacc_fpp_healthy_p2000000_n16_r3,slurm_out,healthy=1,audited targets: file_strategy,0,0,0,0,0,0,0,0,1,0,0,0,0,0,0,1,0,0
hacc_io,16788771,mbanisha_hacc_io_fpp_id16788771-3194502_3-18-6603-15985599893627144480_1.darshan,hacc_fpp_small_many_p50_n32_r1,none,"file_strategy=1,access_granularity=1",HACC construction does not isolate a registered target,0,0,0,0,0,0,0,0,0,0,0,0,0,0,0,0,0,0
hacc_io,16788772,mbanisha_hacc_io_fpp_id16788772-3194661_3-18-6635-2664200311522289638_1.darshan,hacc_fpp_small_many_p50_n32_r2,none,"file_strategy=1,access_granularity=1",HACC construction does not isolate a registered target,0,0,0,0,0,0,0,0,0,0,0,0,0,0,0,0,0,0
hacc_io,16788773,mbanisha_hacc_io_fpp_id16788773-3195141_3-18-6667-7706812688837023742_1.darshan,hacc_fpp_small_many_p50_n32_r3,none,"file_strategy=1,access_granularity=1",HACC construction does not isolate a registered target,0,0,0,0,0,0,0,0,0,0,0,0,0,0,0,0,0,0
hacc_io,16788774,mbanisha_hacc_io_fpp_id16788774-3195301_3-18-6700-17686616782236664256_1.darshan,hacc_fpp_small_many_p50_n64_r1,none,"file_strategy=1,access_granularity=1",HACC construction does not isolate a registered target,0,0,0,0,0,0,0,0,0,0,0,0,0,0,0,0,0,0
hacc_io,16788775,mbanisha_hacc_io_fpp_id16788775-3195816_3-18-6732-2282981254991369539_1.darshan,hacc_fpp_small_many_p50_n64_r2,none,"file_strategy=1,access_granularity=1",HACC construction does not isolate a registered target,0,0,0,0,0,0,0,0,0,0,0,0,0,0,0,0,0,0
hacc_io,16788776,mbanisha_hacc_io_fpp_id16788776-3196008_3-18-6764-1698762004891173258_1.darshan,hacc_fpp_small_many_p50_n64_r3,none,"file_strategy=1,access_granularity=1",HACC construction does not isolate a registered target,0,0,0,0,0,0,0,0,0,0,0,0,0,0,0,0,0,0
hacc_io,16788777,mbanisha_hacc_io_fpp_id16788777-3196521_3-18-6796-16332089396108225959_1.darshan,hacc_fpp_small_many_p50_n128_r1,none,"file_strategy=1,access_granularity=1",HACC construction does not isolate a registered target,0,0,0,0,0,0,0,0,0,0,0,0,0,0,0,0,0,0
hacc_io,16788778,mbanisha_hacc_io_fpp_id16788778-3196777_3-18-6827-2656664482569984683_1.darshan,hacc_fpp_small_many_p50_n128_r2,none,"file_strategy=1,access_granularity=1",HACC construction does not isolate a registered target,0,0,0,0,0,0,0,0,0,0,0,0,0,0,0,0,0,0
hacc_io,16788779,mbanisha_hacc_io_fpp_id16788779-3197359_3-18-6859-17451961838047088578_1.darshan,hacc_fpp_small_many_p50_n128_r3,none,"file_strategy=1,access_granularity=1",HACC construction does not isolate a registered target,0,0,0,0,0,0,0,0,0,0,0,0,0,0,0,0,0,0
hacc_io,16788732,mbanisha_hacc_io_mpiio_shared_id16788732-4109461_3-18-5368-17409379685440590993_1.darshan,hacc_mpiio_collective_healthy_p1000000_n16_r1,none,healthy=1,HACC construction does not isolate a registered target,0,0,0,0,0,0,0,0,0,0,0,0,0,0,0,0,0,0
hacc_io,16788733,mbanisha_hacc_io_mpiio_shared_id16788733-4109607_3-18-5399-3968694561840975125_1.darshan,hacc_mpiio_collective_healthy_p1000000_n16_r2,none,healthy=1,HACC construction does not isolate a registered target,0,0,0,0,0,0,0,0,0,0,0,0,0,0,0,0,0,0
hacc_io,16788734,mbanisha_hacc_io_mpiio_shared_id16788734-4110092_3-18-5430-15223928658890486859_1.darshan,hacc_mpiio_collective_healthy_p1000000_n16_r3,none,healthy=1,HACC construction does not isolate a registered target,0,0,0,0,0,0,0,0,0,0,0,0,0,0,0,0,0,0
hacc_io,16788735,mbanisha_hacc_io_mpiio_shared_id16788735-4110558_3-18-5462-1336982039897824653_1.darshan,hacc_mpiio_collective_healthy_p1000000_n32_r1,none,healthy=1,HACC construction does not isolate a registered target,0,0,0,0,0,0,0,0,0,0,0,0,0,0,0,0,0,0
hacc_io,16788736,mbanisha_hacc_io_mpiio_shared_id16788736-4110719_3-18-5493-16466358960915172895_1.darshan,hacc_mpiio_collective_healthy_p1000000_n32_r2,none,healthy=1,HACC construction does not isolate a registered target,0,0,0,0,0,0,0,0,0,0,0,0,0,0,0,0,0,0
hacc_io,16788737,mbanisha_hacc_io_mpiio_shared_id16788737-4111200_3-18-5525-9926005356803265395_1.darshan,hacc_mpiio_collective_healthy_p1000000_n32_r3,none,healthy=1,HACC construction does not isolate a registered target,0,0,0,0,0,0,0,0,0,0,0,0,0,0,0,0,0,0
hacc_io,16788738,mbanisha_hacc_io_mpiio_shared_id16788738-4111362_3-18-5556-2033733963091644212_1.darshan,hacc_mpiio_collective_healthy_p1000000_n64_r1,none,healthy=1,HACC construction does not isolate a registered target,0,0,0,0,0,0,0,0,0,0,0,0,0,0,0,0,0,0
hacc_io,16788739,mbanisha_hacc_io_mpiio_shared_id16788739-4111878_3-18-5587-6792528552534867972_1.darshan,hacc_mpiio_collective_healthy_p1000000_n64_r2,none,healthy=1,HACC construction does not isolate a registered target,0,0,0,0,0,0,0,0,0,0,0,0,0,0,0,0,0,0
hacc_io,16788740,mbanisha_hacc_io_mpiio_shared_id16788740-4112072_3-18-5619-14078025504160984955_1.darshan,hacc_mpiio_collective_healthy_p1000000_n64_r3,none,healthy=1,HACC construction does not isolate a registered target,0,0,0,0,0,0,0,0,0,0,0,0,0,0,0,0,0,0
hacc_io,16788741,mbanisha_hacc_io_mpiio_shared_id16788741-4112588_3-18-5651-8466656508549096410_1.darshan,hacc_mpiio_collective_healthy_p1000000_n128_r1,none,healthy=1,HACC construction does not isolate a registered target,0,0,0,0,0,0,0,0,0,0,0,0,0,0,0,0,0,0
hacc_io,16788742,mbanisha_hacc_io_mpiio_shared_id16788742-4112852_3-18-5682-12984728718525958905_1.darshan,hacc_mpiio_collective_healthy_p1000000_n128_r2,none,healthy=1,HACC construction does not isolate a registered target,0,0,0,0,0,0,0,0,0,0,0,0,0,0,0,0,0,0
hacc_io,16788743,mbanisha_hacc_io_mpiio_shared_id16788743-4113435_3-18-5714-9428719926258805328_1.darshan,hacc_mpiio_collective_healthy_p1000000_n128_r3,none,healthy=1,HACC construction does not isolate a registered target,0,0,0,0,0,0,0,0,0,0,0,0,0,0,0,0,0,0
hacc_io,16788705,mbanisha_hacc_io_posix_shared_id16788705-4099744_3-18-4509-11624574492690522370_1.darshan,hacc_posix_shared_large_p1000000_n16_r1,none,interface_choice=1,HACC construction does not isolate a registered target,0,0,0,0,0,0,0,0,0,0,0,0,0,0,0,0,0,0
hacc_io,16788706,mbanisha_hacc_io_posix_shared_id16788706-4099895_3-18-4541-1092498961077952545_1.darshan,hacc_posix_shared_large_p1000000_n16_r2,none,interface_choice=1,HACC construction does not isolate a registered target,0,0,0,0,0,0,0,0,0,0,0,0,0,0,0,0,0,0
hacc_io,16788707,mbanisha_hacc_io_posix_shared_id16788707-4100364_3-18-4573-987091425345485912_1.darshan,hacc_posix_shared_large_p1000000_n16_r3,none,interface_choice=1,HACC construction does not isolate a registered target,0,0,0,0,0,0,0,0,0,0,0,0,0,0,0,0,0,0
hacc_io,16788708,mbanisha_hacc_io_posix_shared_id16788708-4100507_3-18-4605-16309357382544806960_1.darshan,hacc_posix_shared_large_p1000000_n32_r1,none,interface_choice=1,HACC construction does not isolate a registered target,0,0,0,0,0,0,0,0,0,0,0,0,0,0,0,0,0,0
hacc_io,16788709,mbanisha_hacc_io_posix_shared_id16788709-4100990_3-18-4637-6617256712811117323_1.darshan,hacc_posix_shared_large_p1000000_n32_r2,none,interface_choice=1,HACC construction does not isolate a registered target,0,0,0,0,0,0,0,0,0,0,0,0,0,0,0,0,0,0
hacc_io,16788710,mbanisha_hacc_io_posix_shared_id16788710-4101151_3-18-4670-11755391859557736715_1.darshan,hacc_posix_shared_large_p1000000_n32_r3,none,interface_choice=1,HACC construction does not isolate a registered target,0,0,0,0,0,0,0,0,0,0,0,0,0,0,0,0,0,0
hacc_io,16788711,mbanisha_hacc_io_posix_shared_id16788711-4101633_3-18-4702-10067683954421985257_1.darshan,hacc_posix_shared_large_p1000000_n64_r1,none,interface_choice=1,HACC construction does not isolate a registered target,0,0,0,0,0,0,0,0,0,0,0,0,0,0,0,0,0,0
hacc_io,16788712,mbanisha_hacc_io_posix_shared_id16788712-4101829_3-18-4734-3599413328143040827_1.darshan,hacc_posix_shared_large_p1000000_n64_r2,none,interface_choice=1,HACC construction does not isolate a registered target,0,0,0,0,0,0,0,0,0,0,0,0,0,0,0,0,0,0
hacc_io,16788713,mbanisha_hacc_io_posix_shared_id16788713-4102348_3-18-4766-16246297992598447208_1.darshan,hacc_posix_shared_large_p1000000_n64_r3,none,interface_choice=1,HACC construction does not isolate a registered target,0,0,0,0,0,0,0,0,0,0,0,0,0,0,0,0,0,0
hacc_io,16788723,mbanisha_hacc_io_posix_shared_id16788723-4106012_3-18-5082-7342969509676984014_1.darshan,hacc_posix_shared_single_ost_p500000_n32_r1,none,throughput_utilization=1,HACC construction does not isolate a registered target,0,0,0,0,0,0,0,0,0,0,0,0,0,0,0,0,0,0
hacc_io,16788724,mbanisha_hacc_io_posix_shared_id16788724-4106498_3-18-5114-5917247879152954893_1.darshan,hacc_posix_shared_single_ost_p500000_n32_r2,none,throughput_utilization=1,HACC construction does not isolate a registered target,0,0,0,0,0,0,0,0,0,0,0,0,0,0,0,0,0,0
hacc_io,16788725,mbanisha_hacc_io_posix_shared_id16788725-4106657_3-18-5146-17541252558720832894_1.darshan,hacc_posix_shared_single_ost_p500000_n32_r3,none,throughput_utilization=1,HACC construction does not isolate a registered target,0,0,0,0,0,0,0,0,0,0,0,0,0,0,0,0,0,0
hacc_io,16788726,mbanisha_hacc_io_posix_shared_id16788726-4107138_3-18-5177-17885817659988524024_1.darshan,hacc_posix_shared_single_ost_p500000_n64_r1,none,throughput_utilization=1,HACC construction does not isolate a registered target,0,0,0,0,0,0,0,0,0,0,0,0,0,0,0,0,0,0
hacc_io,16788727,mbanisha_hacc_io_posix_shared_id16788727-4107336_3-18-5209-10331483930930477265_1.darshan,hacc_posix_shared_single_ost_p500000_n64_r2,none,throughput_utilization=1,HACC construction does not isolate a registered target,0,0,0,0,0,0,0,0,0,0,0,0,0,0,0,0,0,0
hacc_io,16788728,mbanisha_hacc_io_posix_shared_id16788728-4107849_3-18-5241-8712670740239016813_1.darshan,hacc_posix_shared_single_ost_p500000_n64_r3,none,throughput_utilization=1,HACC construction does not isolate a registered target,0,0,0,0,0,0,0,0,0,0,0,0,0,0,0,0,0,0
hacc_io,16788729,mbanisha_hacc_io_posix_shared_id16788729-4108044_3-18-5273-13454857588173316548_1.darshan,hacc_posix_shared_single_ost_p500000_n128_r1,none,throughput_utilization=1,HACC construction does not isolate a registered target,0,0,0,0,0,0,0,0,0,0,0,0,0,0,0,0,0,0
hacc_io,16788730,mbanisha_hacc_io_posix_shared_id16788730-4108623_3-18-5305-1323788647145249518_1.darshan,hacc_posix_shared_single_ost_p500000_n128_r2,none,throughput_utilization=1,HACC construction does not isolate a registered target,0,0,0,0,0,0,0,0,0,0,0,0,0,0,0,0,0,0
hacc_io,16788731,mbanisha_hacc_io_posix_shared_id16788731-4108881_3-18-5337-11753992044496122915_1.darshan,hacc_posix_shared_single_ost_p500000_n128_r3,none,throughput_utilization=1,HACC construction does not isolate a registered target,0,0,0,0,0,0,0,0,0,0,0,0,0,0,0,0,0,0
hacc_io,16788753,mbanisha_hacc_io_posix_shared_id16788753-4116556_3-18-6030-9130177411430584222_1.darshan,hacc_posix_shared_small_p100_n16_r1,none,"access_granularity=1,interface_choice=1",HACC construction does not isolate a registered target,0,0,0,0,0,0,0,0,0,0,0,0,0,0,0,0,0,0
hacc_io,16788754,mbanisha_hacc_io_posix_shared_id16788754-4117023_3-18-6062-3271359953479869015_1.darshan,hacc_posix_shared_small_p100_n16_r2,none,"access_granularity=1,interface_choice=1",HACC construction does not isolate a registered target,0,0,0,0,0,0,0,0,0,0,0,0,0,0,0,0,0,0
hacc_io,16788755,mbanisha_hacc_io_posix_shared_id16788755-4117171_3-18-6094-11163442261273595506_1.darshan,hacc_posix_shared_small_p100_n16_r3,none,"access_granularity=1,interface_choice=1",HACC construction does not isolate a registered target,0,0,0,0,0,0,0,0,0,0,0,0,0,0,0,0,0,0
hacc_io,16788756,mbanisha_hacc_io_posix_shared_id16788756-4117638_3-18-6125-5064952549398607891_1.darshan,hacc_posix_shared_small_p100_n32_r1,none,"access_granularity=1,interface_choice=1",HACC construction does not isolate a registered target,0,0,0,0,0,0,0,0,0,0,0,0,0,0,0,0,0,0
hacc_io,16788757,mbanisha_hacc_io_posix_shared_id16788757-4117803_3-18-6157-7579726957439877937_1.darshan,hacc_posix_shared_small_p100_n32_r2,none,"access_granularity=1,interface_choice=1",HACC construction does not isolate a registered target,0,0,0,0,0,0,0,0,0,0,0,0,0,0,0,0,0,0
hacc_io,16788758,mbanisha_hacc_io_posix_shared_id16788758-4118286_3-18-6189-3998371297995387253_1.darshan,hacc_posix_shared_small_p100_n32_r3,none,"access_granularity=1,interface_choice=1",HACC construction does not isolate a registered target,0,0,0,0,0,0,0,0,0,0,0,0,0,0,0,0,0,0
hacc_io,16788759,mbanisha_hacc_io_posix_shared_id16788759-3189777_3-18-6222-16665857526695603162_1.darshan,hacc_posix_shared_small_p100_n64_r1,none,"access_granularity=1,interface_choice=1",HACC construction does not isolate a registered target,0,0,0,0,0,0,0,0,0,0,0,0,0,0,0,0,0,0
hacc_io,16788760,mbanisha_hacc_io_posix_shared_id16788760-3190307_3-18-6252-13345119265088627587_1.darshan,hacc_posix_shared_small_p100_n64_r2,none,"access_granularity=1,interface_choice=1",HACC construction does not isolate a registered target,0,0,0,0,0,0,0,0,0,0,0,0,0,0,0,0,0,0
hacc_io,16788761,mbanisha_hacc_io_posix_shared_id16788761-3190504_3-18-6284-3353365780944629842_1.darshan,hacc_posix_shared_small_p100_n64_r3,none,"access_granularity=1,interface_choice=1",HACC construction does not isolate a registered target,0,0,0,0,0,0,0,0,0,0,0,0,0,0,0,0,0,0
hacc_io,16788762,mbanisha_hacc_io_posix_shared_id16788762-3191021_3-18-6315-8484417745959871767_1.darshan,hacc_posix_shared_small_single_ost_p200_n32_r1,none,"access_granularity=1,interface_choice=1,throughput_utilization=1",HACC construction does not isolate a registered target,0,0,0,0,0,0,0,0,0,0,0,0,0,0,0,0,0,0
hacc_io,16788763,mbanisha_hacc_io_posix_shared_id16788763-3191183_3-18-6347-6369915687596891283_1.darshan,hacc_posix_shared_small_single_ost_p200_n32_r2,none,"access_granularity=1,interface_choice=1,throughput_utilization=1",HACC construction does not isolate a registered target,0,0,0,0,0,0,0,0,0,0,0,0,0,0,0,0,0,0
hacc_io,16788764,mbanisha_hacc_io_posix_shared_id16788764-3191667_3-18-6379-1315740614282192089_1.darshan,hacc_posix_shared_small_single_ost_p200_n32_r3,none,"access_granularity=1,interface_choice=1,throughput_utilization=1",HACC construction does not isolate a registered target,0,0,0,0,0,0,0,0,0,0,0,0,0,0,0,0,0,0
hacc_io,16788765,mbanisha_hacc_io_posix_shared_id16788765-3191827_3-18-6411-11763965860023224844_1.darshan,hacc_posix_shared_small_single_ost_p200_n64_r1,none,"access_granularity=1,interface_choice=1,throughput_utilization=1",HACC construction does not isolate a registered target,0,0,0,0,0,0,0,0,0,0,0,0,0,0,0,0,0,0
hacc_io,16788766,mbanisha_hacc_io_posix_shared_id16788766-3192341_3-18-6444-3220190901085745628_1.darshan,hacc_posix_shared_small_single_ost_p200_n64_r2,none,"access_granularity=1,interface_choice=1,throughput_utilization=1",HACC construction does not isolate a registered target,0,0,0,0,0,0,0,0,0,0,0,0,0,0,0,0,0,0
hacc_io,16788767,mbanisha_hacc_io_posix_shared_id16788767-3192534_3-18-6475-12358231796310724446_1.darshan,hacc_posix_shared_small_single_ost_p200_n64_r3,none,"access_granularity=1,interface_choice=1,throughput_utilization=1",HACC construction does not isolate a registered target,0,0,0,0,0,0,0,0,0,0,0,0,0,0,0,0,0,0
hacc_io,16788768,mbanisha_hacc_io_posix_shared_id16788768-3193050_3-18-6508-3195307638296331682_1.darshan,hacc_posix_shared_small_single_ost_p200_n128_r1,none,"access_granularity=1,interface_choice=1,throughput_utilization=1",HACC construction does not isolate a registered target,0,0,0,0,0,0,0,0,0,0,0,0,0,0,0,0,0,0
hacc_io,16788769,mbanisha_hacc_io_posix_shared_id16788769-3193321_3-18-6540-12680017513353537923_1.darshan,hacc_posix_shared_small_single_ost_p200_n128_r2,none,"access_granularity=1,interface_choice=1,throughput_utilization=1",HACC construction does not isolate a registered target,0,0,0,0,0,0,0,0,0,0,0,0,0,0,0,0,0,0
hacc_io,16788770,mbanisha_hacc_io_posix_shared_id16788770-3193903_3-18-6572-5778584661499147653_1.darshan,hacc_posix_shared_small_single_ost_p200_n128_r3,none,"access_granularity=1,interface_choice=1,throughput_utilization=1",HACC construction does not isolate a registered target,0,0,0,0,0,0,0,0,0,0,0,0,0,0,0,0,0,0
hacc_io,16788780,mbanisha_hacc_io_posix_shared_id16788780-842664_3-18-6890-4591948952186837445_1.darshan,hacc_posix_shared_many_single_ost_p500000_n32_r1,none,"interface_choice=1,throughput_utilization=1",HACC construction does not isolate a registered target,0,0,0,0,0,0,0,0,0,0,0,0,0,0,0,0,0,0
hacc_io,16788781,mbanisha_hacc_io_posix_shared_id16788781-843152_3-18-6921-703783138686013348_1.darshan,hacc_posix_shared_many_single_ost_p500000_n32_r2,none,"interface_choice=1,throughput_utilization=1",HACC construction does not isolate a registered target,0,0,0,0,0,0,0,0,0,0,0,0,0,0,0,0,0,0
hacc_io,16788782,mbanisha_hacc_io_posix_shared_id16788782-843312_3-18-6953-1603593064241554962_1.darshan,hacc_posix_shared_many_single_ost_p500000_n32_r3,none,"interface_choice=1,throughput_utilization=1",HACC construction does not isolate a registered target,0,0,0,0,0,0,0,0,0,0,0,0,0,0,0,0,0,0
hacc_io,16788783,mbanisha_hacc_io_posix_shared_id16788783-843794_3-18-6985-9132845694119247509_1.darshan,hacc_posix_shared_many_single_ost_p500000_n64_r1,none,"interface_choice=1,throughput_utilization=1",HACC construction does not isolate a registered target,0,0,0,0,0,0,0,0,0,0,0,0,0,0,0,0,0,0
hacc_io,16788784,mbanisha_hacc_io_posix_shared_id16788784-843989_3-18-7016-14035175731252444916_1.darshan,hacc_posix_shared_many_single_ost_p500000_n64_r2,none,"interface_choice=1,throughput_utilization=1",HACC construction does not isolate a registered target,0,0,0,0,0,0,0,0,0,0,0,0,0,0,0,0,0,0
hacc_io,16788785,mbanisha_hacc_io_posix_shared_id16788785-844505_3-18-7048-12885889121225536056_1.darshan,hacc_posix_shared_many_single_ost_p500000_n64_r3,none,"interface_choice=1,throughput_utilization=1",HACC construction does not isolate a registered target,0,0,0,0,0,0,0,0,0,0,0,0,0,0,0,0,0,0
hacc_io,16788786,mbanisha_hacc_io_posix_shared_id16788786-844696_3-18-7079-9513700349157786688_1.darshan,hacc_posix_shared_many_single_ost_p500000_n128_r1,none,"interface_choice=1,throughput_utilization=1",HACC construction does not isolate a registered target,0,0,0,0,0,0,0,0,0,0,0,0,0,0,0,0,0,0
hacc_io,16788787,mbanisha_hacc_io_posix_shared_id16788787-845272_3-18-7111-1317631788294148055_1.darshan,hacc_posix_shared_many_single_ost_p500000_n128_r2,none,"interface_choice=1,throughput_utilization=1",HACC construction does not isolate a registered target,0,0,0,0,0,0,0,0,0,0,0,0,0,0,0,0,0,0
hacc_io,16788788,mbanisha_hacc_io_posix_shared_id16788788-845849_3-18-7142-12806750122529687334_1.darshan,hacc_posix_shared_many_single_ost_p500000_n128_r3,none,"interface_choice=1,throughput_utilization=1",HACC construction does not isolate a registered target,0,0,0,0,0,0,0,0,0,0,0,0,0,0,0,0,0,0
ior,16651179,mbanisha_ior_id16651179-3906016_3-15-80065-6478200923875165160_1.darshan,ior_small_posix_t64_n4_r1,slurm_out,access_granularity=1,audited targets: access_granularity,1,0,0,0,0,0,0,0,0,1,0,0,0,0,0,0,0,0
ior,16651180,mbanisha_ior_id16651180-3906325_3-15-80096-3344164246752103660_1.darshan,ior_small_posix_t64_n4_r2,slurm_out,access_granularity=1,audited targets: access_granularity,1,0,0,0,0,0,0,0,0,1,0,0,0,0,0,0,0,0
ior,16651181,mbanisha_ior_id16651181-3906822_3-15-80128-7812871644590275794_1.darshan,ior_small_posix_t64_n4_r3,slurm_out,access_granularity=1,audited targets: access_granularity,1,0,0,0,0,0,0,0,0,1,0,0,0,0,0,0,0,0
ior,16651182,mbanisha_ior_id16651182-3907121_3-15-80159-14888590854275124995_1.darshan,ior_small_posix_t64_n16_r1,slurm_out,access_granularity=1,audited targets: access_granularity,1,0,0,0,0,0,0,0,0,1,0,0,0,0,0,0,0,0
ior,16651183,mbanisha_ior_id16651183-3907615_3-15-80190-1527486003505531959_1.darshan,ior_small_posix_t64_n16_r2,slurm_out,access_granularity=1,audited targets: access_granularity,1,0,0,0,0,0,0,0,0,1,0,0,0,0,0,0,0,0
ior,16651184,mbanisha_ior_id16651184-3908280_3-15-80221-2694699471191770915_1.darshan,ior_small_posix_t64_n16_r3,slurm_out,access_granularity=1,audited targets: access_granularity,1,0,0,0,0,0,0,0,0,1,0,0,0,0,0,0,0,0
ior,16651185,mbanisha_ior_id16651185-3908447_3-15-80253-8726225304320888753_1.darshan,ior_small_posix_t128_n4_r1,slurm_out,access_granularity=1,audited targets: access_granularity,1,0,0,0,0,0,0,0,0,1,0,0,0,0,0,0,0,0
ior,16651186,mbanisha_ior_id16651186-3909125_3-15-80284-9190130941611913503_1.darshan,ior_small_posix_t128_n4_r2,slurm_out,access_granularity=1,audited targets: access_granularity,1,0,0,0,0,0,0,0,0,1,0,0,0,0,0,0,0,0
ior,16651187,mbanisha_ior_id16651187-3909263_3-15-80315-2445332201405789293_1.darshan,ior_small_posix_t128_n4_r3,slurm_out,access_granularity=1,audited targets: access_granularity,1,0,0,0,0,0,0,0,0,1,0,0,0,0,0,0,0,0
ior,16651188,mbanisha_ior_id16651188-1300216_3-15-80347-8061256946190227566_1.darshan,ior_small_posix_t128_n16_r1,slurm_out,access_granularity=1,audited targets: access_granularity,1,0,0,0,0,0,0,0,0,1,0,0,0,0,0,0,0,0
ior,16651189,mbanisha_ior_id16651189-1301744_3-15-80440-8026961228171238159_1.darshan,ior_small_posix_t128_n16_r2,slurm_out,access_granularity=1,audited targets: access_granularity,1,0,0,0,0,0,0,0,0,1,0,0,0,0,0,0,0,0
ior,16651190,mbanisha_ior_id16651190-1302869_3-15-80565-16220004760930795555_1.darshan,ior_small_posix_t128_n16_r3,slurm_out,access_granularity=1,audited targets: access_granularity,1,0,0,0,0,0,0,0,0,1,0,0,0,0,0,0,0,0
ior,16651191,mbanisha_ior_id16651191-1303356_3-15-80627-17459871521610217439_1.darshan,ior_small_posix_t256_n4_r1,slurm_out,access_granularity=1,audited targets: access_granularity,1,0,0,0,0,0,0,0,0,1,0,0,0,0,0,0,0,0
ior,16651192,mbanisha_ior_id16651192-1303819_3-15-80689-13263811547101323818_1.darshan,ior_small_posix_t256_n4_r2,slurm_out,access_granularity=1,audited targets: access_granularity,1,0,0,0,0,0,0,0,0,1,0,0,0,0,0,0,0,0
ior,16651193,mbanisha_ior_id16651193-1305952_3-15-80752-9245970429763374168_1.darshan,ior_small_posix_t256_n4_r3,slurm_out,access_granularity=1,audited targets: access_granularity,1,0,0,0,0,0,0,0,0,1,0,0,0,0,0,0,0,0
ior,16651194,mbanisha_ior_id16651194-1306456_3-15-80814-16653084571591209439_1.darshan,ior_small_posix_t256_n16_r1,slurm_out,access_granularity=1,audited targets: access_granularity,1,0,0,0,0,0,0,0,0,1,0,0,0,0,0,0,0,0
ior,16651195,mbanisha_ior_id16651195-1307025_3-15-80876-9346196699728867019_1.darshan,ior_small_posix_t256_n16_r2,slurm_out,access_granularity=1,audited targets: access_granularity,1,0,0,0,0,0,0,0,0,1,0,0,0,0,0,0,0,0
ior,16651196,mbanisha_ior_id16651196-1307541_3-15-80939-10328555936848028243_1.darshan,ior_small_posix_t256_n16_r3,slurm_out,access_granularity=1,audited targets: access_granularity,1,0,0,0,0,0,0,0,0,1,0,0,0,0,0,0,0,0
ior,16651197,mbanisha_ior_id16651197-1308373_3-15-81001-16947829834672734404_1.darshan,ior_small_posix_t512_n4_r1,slurm_out,access_granularity=1,audited targets: access_granularity,1,0,0,0,0,0,0,0,0,1,0,0,0,0,0,0,0,0
ior,16651198,mbanisha_ior_id16651198-1309117_3-15-81064-6179211082866706498_1.darshan,ior_small_posix_t512_n4_r2,slurm_out,access_granularity=1,audited targets: access_granularity,1,0,0,0,0,0,0,0,0,1,0,0,0,0,0,0,0,0
ior,16651199,mbanisha_ior_id16651199-1309612_3-15-81126-10289164493515472433_1.darshan,ior_small_posix_t512_n4_r3,slurm_out,access_granularity=1,audited targets: access_granularity,1,0,0,0,0,0,0,0,0,1,0,0,0,0,0,0,0,0
ior,16651200,mbanisha_ior_id16651200-1310431_3-15-81188-15018920462711131236_1.darshan,ior_small_posix_t512_n16_r1,slurm_out,access_granularity=1,audited targets: access_granularity,1,0,0,0,0,0,0,0,0,1,0,0,0,0,0,0,0,0
ior,16651201,mbanisha_ior_id16651201-1312149_3-15-81312-3543222412519377935_1.darshan,ior_small_posix_t512_n16_r2,slurm_out,access_granularity=1,audited targets: access_granularity,1,0,0,0,0,0,0,0,0,1,0,0,0,0,0,0,0,0
ior,16651202,mbanisha_ior_id16651202-1312293_3-15-81344-3626883986562566907_1.darshan,ior_small_posix_t512_n16_r3,slurm_out,access_granularity=1,audited targets: access_granularity,1,0,0,0,0,0,0,0,0,1,0,0,0,0,0,0,0,0
ior,16651203,mbanisha_ior_id16651203-1312761_3-15-81406-9836823079111037671_1.darshan,ior_small_posix_t1024_n4_r1,slurm_out,access_granularity=1,audited targets: access_granularity,1,0,0,0,0,0,0,0,0,1,0,0,0,0,0,0,0,0
ior,16651204,mbanisha_ior_id16651204-1313216_3-15-81437-4841497518677768221_1.darshan,ior_small_posix_t1024_n4_r2,slurm_out,access_granularity=1,audited targets: access_granularity,1,0,0,0,0,0,0,0,0,1,0,0,0,0,0,0,0,0
ior,16651205,mbanisha_ior_id16651205-1313368_3-15-81468-4156833410332690395_1.darshan,ior_small_posix_t1024_n4_r3,slurm_out,access_granularity=1,audited targets: access_granularity,1,0,0,0,0,0,0,0,0,1,0,0,0,0,0,0,0,0
ior,16651206,mbanisha_ior_id16651206-1313832_3-15-81499-10600914207448087491_1.darshan,ior_small_posix_t1024_n16_r1,slurm_out,access_granularity=1,audited targets: access_granularity,1,0,0,0,0,0,0,0,0,1,0,0,0,0,0,0,0,0
ior,16651207,mbanisha_ior_id16651207-1314054_3-15-81530-15141731036447969144_1.darshan,ior_small_posix_t1024_n16_r2,slurm_out,access_granularity=1,audited targets: access_granularity,1,0,0,0,0,0,0,0,0,1,0,0,0,0,0,0,0,0
ior,16651208,mbanisha_ior_id16651208-1314666_3-15-81561-7908139922922090885_31.darshan,ior_small_posix_t1024_n16_r3,slurm_out,access_granularity=1,audited targets: access_granularity,1,0,0,0,0,0,0,0,0,1,0,0,0,0,0,0,0,0
ior,16651209,mbanisha_ior_id16651209-1316122_3-15-81624-12380561321033476665_18.darshan,ior_small_posix_t2048_n4_r1,slurm_out,access_granularity=1,audited targets: access_granularity,1,0,0,0,0,0,0,0,0,1,0,0,0,0,0,0,0,0
ior,16651210,mbanisha_ior_id16651210-1316581_3-15-81687-4513209812389168534_7.darshan,ior_small_posix_t2048_n4_r2,slurm_out,access_granularity=1,audited targets: access_granularity,1,0,0,0,0,0,0,0,0,1,0,0,0,0,0,0,0,0
ior,16651211,mbanisha_ior_id16651211-1316718_3-15-81718-14773133955612479995_28.darshan,ior_small_posix_t2048_n4_r3,slurm_out,access_granularity=1,audited targets: access_granularity,1,0,0,0,0,0,0,0,0,1,0,0,0,0,0,0,0,0
ior,16651212,mbanisha_ior_id16651212-1318136_3-15-81780-14939664725637374174_1.darshan,ior_small_posix_t2048_n16_r1,slurm_out,access_granularity=1,audited targets: access_granularity,1,0,0,0,0,0,0,0,0,1,0,0,0,0,0,0,0,0
ior,16651213,mbanisha_ior_id16651213-1318402_3-15-81811-15562120224637096176_1.darshan,ior_small_posix_t2048_n16_r2,slurm_out,access_granularity=1,audited targets: access_granularity,1,0,0,0,0,0,0,0,0,1,0,0,0,0,0,0,0,0
ior,16651214,mbanisha_ior_id16651214-1318919_3-15-81840-8070164673042969932_1.darshan,ior_small_posix_t2048_n16_r3,slurm_out,access_granularity=1,audited targets: access_granularity,1,0,0,0,0,0,0,0,0,1,0,0,0,0,0,0,0,0
ior,16651215,mbanisha_ior_id16651215-1319067_3-15-81871-16150940330090952836_1.darshan,ior_small_direct_t4096_n4_r1,slurm_out,access_granularity=1,audited targets: access_granularity,1,0,0,0,0,0,0,0,0,1,0,0,0,0,0,0,0,0
ior,16651216,mbanisha_ior_id16651216-1319658_3-15-81934-6433748750276154981_1.darshan,ior_small_direct_t4096_n4_r2,slurm_out,access_granularity=1,audited targets: access_granularity,1,0,0,0,0,0,0,0,0,1,0,0,0,0,0,0,0,0
ior,16651217,mbanisha_ior_id16651217-1321771_3-15-82089-13621358324777622905_1.darshan,ior_small_direct_t4096_n4_r3,slurm_out,access_granularity=1,audited targets: access_granularity,1,0,0,0,0,0,0,0,0,1,0,0,0,0,0,0,0,0
ior,16651218,mbanisha_ior_id16651218-1322237_3-15-82182-16812613387049017616_1.darshan,ior_small_direct_t4096_n16_r1,slurm_out,access_granularity=1,audited targets: access_granularity,1,0,0,0,0,0,0,0,0,1,0,0,0,0,0,0,0,0
ior,16651219,mbanisha_ior_id16651219-1322914_3-15-82244-1993370568990137438_1.darshan,ior_small_direct_t4096_n16_r2,slurm_out,access_granularity=1,audited targets: access_granularity,1,0,0,0,0,0,0,0,0,1,0,0,0,0,0,0,0,0
ior,16651220,mbanisha_ior_id16651220-1323390_3-15-82307-4848666949125326359_1.darshan,ior_small_direct_t4096_n16_r3,slurm_out,access_granularity=1,audited targets: access_granularity,1,0,0,0,0,0,0,0,0,1,0,0,0,0,0,0,0,0
ior,16651221,mbanisha_ior_id16651221-3456942_3-15-82369-15569578307750657790_1.darshan,ior_small_direct_t8192_n4_r1,slurm_out,access_granularity=1,audited targets: access_granularity,1,0,0,0,0,0,0,0,0,1,0,0,0,0,0,0,0,0
ior,16651222,mbanisha_ior_id16651222-1324289_3-15-82400-10280718244807325738_1.darshan,ior_small_direct_t8192_n4_r2,slurm_out,access_granularity=1,audited targets: access_granularity,1,0,0,0,0,0,0,0,0,1,0,0,0,0,0,0,0,0
ior,16651223,mbanisha_ior_id16651223-1324722_3-15-82430-14192682904903994103_1.darshan,ior_small_direct_t8192_n4_r3,slurm_out,access_granularity=1,audited targets: access_granularity,1,0,0,0,0,0,0,0,0,1,0,0,0,0,0,0,0,0
ior,16651224,mbanisha_ior_id16651224-1325323_3-15-82462-15917100873059436443_1.darshan,ior_small_direct_t8192_n16_r1,slurm_out,access_granularity=1,audited targets: access_granularity,1,0,0,0,0,0,0,0,0,1,0,0,0,0,0,0,0,0
ior,16651225,mbanisha_ior_id16651225-1325543_3-15-82493-13555550216412712418_1.darshan,ior_small_direct_t8192_n16_r2,slurm_out,access_granularity=1,audited targets: access_granularity,1,0,0,0,0,0,0,0,0,1,0,0,0,0,0,0,0,0
ior,16651226,mbanisha_ior_id16651226-1326744_3-15-82555-16393553626017469581_1.darshan,ior_small_direct_t8192_n16_r3,slurm_out,access_granularity=1,audited targets: access_granularity,1,0,0,0,0,0,0,0,0,1,0,0,0,0,0,0,0,0
ior,16651227,mbanisha_ior_id16651227-1327209_3-15-82587-3221721263945809111_1.darshan,ior_small_direct_t16384_n4_r1,slurm_out,access_granularity=1,audited targets: access_granularity,1,0,0,0,0,0,0,0,0,1,0,0,0,0,0,0,0,0
ior,16651228,mbanisha_ior_id16651228-1327340_3-15-82618-14732068883643299613_1.darshan,ior_small_direct_t16384_n4_r2,slurm_out,access_granularity=1,audited targets: access_granularity,1,0,0,0,0,0,0,0,0,1,0,0,0,0,0,0,0,0
ior,16651229,mbanisha_ior_id16651229-1327882_3-15-82649-13682127990344230859_1.darshan,ior_small_direct_t16384_n4_r3,slurm_out,access_granularity=1,audited targets: access_granularity,1,0,0,0,0,0,0,0,0,1,0,0,0,0,0,0,0,0
ior,16651230,mbanisha_ior_id16651230-3459050_3-15-82680-1669666291333902056_1.darshan,ior_small_direct_t16384_n16_r1,slurm_out,access_granularity=1,audited targets: access_granularity,1,0,0,0,0,0,0,0,0,1,0,0,0,0,0,0,0,0
ior,16651231,mbanisha_ior_id16651231-1329135_3-15-82711-10762541801069300177_1.darshan,ior_small_direct_t16384_n16_r2,slurm_out,access_granularity=1,audited targets: access_granularity,1,0,0,0,0,0,0,0,0,1,0,0,0,0,0,0,0,0
ior,16651232,mbanisha_ior_id16651232-1329600_3-15-82743-17298806687804546392_1.darshan,ior_small_direct_t16384_n16_r3,slurm_out,access_granularity=1,audited targets: access_granularity,1,0,0,0,0,0,0,0,0,1,0,0,0,0,0,0,0,0
ior,16651257,mbanisha_ior_id16651257-1341916_3-15-83523-12149467324202141177_1.darshan,ior_random_posix_t4096_n4_r1,slurm_out,access_pattern=1,audited targets: access_pattern,0,0,0,1,0,0,0,0,0,0,0,0,1,0,0,0,0,0
ior,16653107,mbanisha_ior_id16653107-2444873_3-16-8277-10605017529891030619_1.darshan,ior_small_posix_t64_n4_r1,slurm_out,access_granularity=1,audited targets: access_granularity,1,0,0,0,0,0,0,0,0,1,0,0,0,0,0,0,0,0
ior,16653108,mbanisha_ior_id16653108-2445455_3-16-8308-9107407050588592518_1.darshan,ior_small_posix_t64_n4_r2,slurm_out,access_granularity=1,audited targets: access_granularity,1,0,0,0,0,0,0,0,0,1,0,0,0,0,0,0,0,0
ior,16653109,mbanisha_ior_id16653109-2445604_3-16-8339-15455356169806289943_1.darshan,ior_small_posix_t64_n4_r3,slurm_out,access_granularity=1,audited targets: access_granularity,1,0,0,0,0,0,0,0,0,1,0,0,0,0,0,0,0,0
ior,16653110,mbanisha_ior_id16653110-2446479_3-16-8370-1583743459436929616_1.darshan,ior_small_posix_t64_n16_r1,slurm_out,access_granularity=1,audited targets: access_granularity,1,0,0,0,0,0,0,0,0,1,0,0,0,0,0,0,0,0
ior,16653111,mbanisha_ior_id16653111-2453161_3-16-8401-12110036531322762122_1.darshan,ior_small_posix_t64_n16_r2,slurm_out,access_granularity=1,audited targets: access_granularity,1,0,0,0,0,0,0,0,0,1,0,0,0,0,0,0,0,0
ior,16653112,mbanisha_ior_id16653112-2453676_3-16-8432-14795615606111618395_1.darshan,ior_small_posix_t64_n16_r3,slurm_out,access_granularity=1,audited targets: access_granularity,1,0,0,0,0,0,0,0,0,1,0,0,0,0,0,0,0,0
ior,16653113,mbanisha_ior_id16653113-2493490_3-16-8463-15378330130815240534_1.darshan,ior_small_posix_t128_n4_r1,slurm_out,access_granularity=1,audited targets: access_granularity,1,0,0,0,0,0,0,0,0,1,0,0,0,0,0,0,0,0
ior,16653114,mbanisha_ior_id16653114-2737674_3-16-8494-6659189803796993381_1.darshan,ior_small_posix_t128_n4_r2,slurm_out,access_granularity=1,audited targets: access_granularity,1,0,0,0,0,0,0,0,0,1,0,0,0,0,0,0,0,0
ior,16653115,mbanisha_ior_id16653115-2985424_3-16-8526-17772730061808195645_1.darshan,ior_small_posix_t128_n4_r3,slurm_out,access_granularity=1,audited targets: access_granularity,1,0,0,0,0,0,0,0,0,1,0,0,0,0,0,0,0,0
ior,16653116,mbanisha_ior_id16653116-3168752_3-16-8558-8224236377132625094_1.darshan,ior_small_posix_t128_n16_r1,slurm_out,access_granularity=1,audited targets: access_granularity,1,0,0,0,0,0,0,0,0,1,0,0,0,0,0,0,0,0
ior,16653117,mbanisha_ior_id16653117-3174720_3-16-8589-3217002061813902145_1.darshan,ior_small_posix_t128_n16_r2,slurm_out,access_granularity=1,audited targets: access_granularity,1,0,0,0,0,0,0,0,0,1,0,0,0,0,0,0,0,0
ior,16653118,mbanisha_ior_id16653118-3175803_3-16-8620-14819310606071599857_1.darshan,ior_small_posix_t128_n16_r3,slurm_out,access_granularity=1,audited targets: access_granularity,1,0,0,0,0,0,0,0,0,1,0,0,0,0,0,0,0,0
ior,16653119,mbanisha_ior_id16653119-3177019_3-16-8651-13940462480609098058_1.darshan,ior_small_posix_t256_n4_r1,slurm_out,access_granularity=1,audited targets: access_granularity,1,0,0,0,0,0,0,0,0,1,0,0,0,0,0,0,0,0
ior,16653120,mbanisha_ior_id16653120-3177463_3-16-8683-13440469847043630356_1.darshan,ior_small_posix_t256_n4_r2,slurm_out,access_granularity=1,audited targets: access_granularity,1,0,0,0,0,0,0,0,0,1,0,0,0,0,0,0,0,0
ior,16653121,mbanisha_ior_id16653121-3237080_3-16-8714-17650802786554038692_1.darshan,ior_small_posix_t256_n4_r3,slurm_out,access_granularity=1,audited targets: access_granularity,1,0,0,0,0,0,0,0,0,1,0,0,0,0,0,0,0,0
ior,16653122,mbanisha_ior_id16653122-3499680_3-16-8745-436776415975042169_1.darshan,ior_small_posix_t256_n16_r1,slurm_out,access_granularity=1,audited targets: access_granularity,1,0,0,0,0,0,0,0,0,1,0,0,0,0,0,0,0,0
ior,16653123,mbanisha_ior_id16653123-3779074_3-16-8777-15932184871440479147_1.darshan,ior_small_posix_t256_n16_r2,slurm_out,access_granularity=1,audited targets: access_granularity,1,0,0,0,0,0,0,0,0,1,0,0,0,0,0,0,0,0
ior,16653124,mbanisha_ior_id16653124-4043314_3-16-8807-9447635834896243868_1.darshan,ior_small_posix_t256_n16_r3,slurm_out,access_granularity=1,audited targets: access_granularity,1,0,0,0,0,0,0,0,0,1,0,0,0,0,0,0,0,0
ior,16653125,mbanisha_ior_id16653125-3639363_3-16-8837-18019884833265555187_1.darshan,ior_small_posix_t512_n4_r1,slurm_out,access_granularity=1,audited targets: access_granularity,1,0,0,0,0,0,0,0,0,1,0,0,0,0,0,0,0,0
ior,16653126,mbanisha_ior_id16653126-215350_3-16-8869-13683631234742443928_1.darshan,ior_small_posix_t512_n4_r2,slurm_out,access_granularity=1,audited targets: access_granularity,1,0,0,0,0,0,0,0,0,1,0,0,0,0,0,0,0,0
ior,16653127,mbanisha_ior_id16653127-216484_3-16-8900-6004608338374695932_1.darshan,ior_small_posix_t512_n4_r3,slurm_out,access_granularity=1,audited targets: access_granularity,1,0,0,0,0,0,0,0,0,1,0,0,0,0,0,0,0,0
ior,16653128,mbanisha_ior_id16653128-216673_3-16-8932-7994002233593352849_1.darshan,ior_small_posix_t512_n16_r1,slurm_out,access_granularity=1,audited targets: access_granularity,1,0,0,0,0,0,0,0,0,1,0,0,0,0,0,0,0,0
ior,16653129,mbanisha_ior_id16653129-264876_3-16-8962-4069574657838155977_1.darshan,ior_small_posix_t512_n16_r2,slurm_out,access_granularity=1,audited targets: access_granularity,1,0,0,0,0,0,0,0,0,1,0,0,0,0,0,0,0,0
ior,16653130,mbanisha_ior_id16653130-288862_3-16-8993-4720350253974436505_1.darshan,ior_small_posix_t512_n16_r3,slurm_out,access_granularity=1,audited targets: access_granularity,1,0,0,0,0,0,0,0,0,1,0,0,0,0,0,0,0,0
ior,16653131,mbanisha_ior_id16653131-290538_3-16-9024-94239109897088810_1.darshan,ior_small_posix_t1024_n4_r1,slurm_out,access_granularity=1,audited targets: access_granularity,1,0,0,0,0,0,0,0,0,1,0,0,0,0,0,0,0,0
ior,16653132,mbanisha_ior_id16653132-291980_3-16-9056-7151004208424398545_1.darshan,ior_small_posix_t1024_n4_r2,slurm_out,access_granularity=1,audited targets: access_granularity,1,0,0,0,0,0,0,0,0,1,0,0,0,0,0,0,0,0
ior,16653133,mbanisha_ior_id16653133-292696_3-16-9087-14054523165808872681_1.darshan,ior_small_posix_t1024_n4_r3,slurm_out,access_granularity=1,audited targets: access_granularity,1,0,0,0,0,0,0,0,0,1,0,0,0,0,0,0,0,0
ior,16653134,mbanisha_ior_id16653134-299903_3-16-9118-11224479894532114865_1.darshan,ior_small_posix_t1024_n16_r1,slurm_out,access_granularity=1,audited targets: access_granularity,1,0,0,0,0,0,0,0,0,1,0,0,0,0,0,0,0,0
ior,16653135,mbanisha_ior_id16653135-370462_3-16-9149-9452961522485515943_1.darshan,ior_small_posix_t1024_n16_r2,slurm_out,access_granularity=1,audited targets: access_granularity,1,0,0,0,0,0,0,0,0,1,0,0,0,0,0,0,0,0
ior,16653136,mbanisha_ior_id16653136-3643186_3-16-9180-693514056625224691_1.darshan,ior_small_posix_t1024_n16_r3,slurm_out,access_granularity=1,audited targets: access_granularity,1,0,0,0,0,0,0,0,0,1,0,0,0,0,0,0,0,0
ior,16653137,mbanisha_ior_id16653137-379843_3-16-9212-2441266805772754312_1.darshan,ior_small_posix_t2048_n4_r1,slurm_out,access_granularity=1,audited targets: access_granularity,1,0,0,0,0,0,0,0,0,1,0,0,0,0,0,0,0,0
ior,16653138,mbanisha_ior_id16653138-381017_3-16-9243-13391773512328151325_1.darshan,ior_small_posix_t2048_n4_r2,slurm_out,access_granularity=1,audited targets: access_granularity,1,0,0,0,0,0,0,0,0,1,0,0,0,0,0,0,0,0
ior,16653139,mbanisha_ior_id16653139-381204_3-16-9276-7233679157635398600_1.darshan,ior_small_posix_t2048_n4_r3,slurm_out,access_granularity=1,audited targets: access_granularity,1,0,0,0,0,0,0,0,0,1,0,0,0,0,0,0,0,0
ior,16653140,mbanisha_ior_id16653140-381962_3-16-9307-14931170294049945513_1.darshan,ior_small_posix_t2048_n16_r1,slurm_out,access_granularity=1,audited targets: access_granularity,1,0,0,0,0,0,0,0,0,1,0,0,0,0,0,0,0,0
ior,16653141,mbanisha_ior_id16653141-382107_3-16-9339-5924409224742661248_1.darshan,ior_small_posix_t2048_n16_r2,slurm_out,access_granularity=1,audited targets: access_granularity,1,0,0,0,0,0,0,0,0,1,0,0,0,0,0,0,0,0
ior,16653142,mbanisha_ior_id16653142-382578_3-16-9371-9632210334278829064_1.darshan,ior_small_posix_t2048_n16_r3,slurm_out,access_granularity=1,audited targets: access_granularity,1,0,0,0,0,0,0,0,0,1,0,0,0,0,0,0,0,0
ior,16653143,mbanisha_ior_id16653143-382724_3-16-9403-13573160659800227585_1.darshan,ior_small_direct_t4096_n4_r1,slurm_out,access_granularity=1,audited targets: access_granularity,1,0,0,0,0,0,0,0,0,1,0,0,0,0,0,0,0,0
ior,16653144,mbanisha_ior_id16653144-383328_3-16-9468-1723706204284686394_1.darshan,ior_small_direct_t4096_n4_r2,slurm_out,access_granularity=1,audited targets: access_granularity,1,0,0,0,0,0,0,0,0,1,0,0,0,0,0,0,0,0
ior,16653145,mbanisha_ior_id16653145-383783_3-16-9532-7733246014174980822_1.darshan,ior_small_direct_t4096_n4_r3,slurm_out,access_granularity=1,audited targets: access_granularity,1,0,0,0,0,0,0,0,0,1,0,0,0,0,0,0,0,0
ior,16653146,mbanisha_ior_id16653146-384240_3-16-9597-16007254464287926933_1.darshan,ior_small_direct_t4096_n16_r1,slurm_out,access_granularity=1,audited targets: access_granularity,1,0,0,0,0,0,0,0,0,1,0,0,0,0,0,0,0,0
ior,16653147,mbanisha_ior_id16653147-385148_3-16-9663-14881955286548411851_1.darshan,ior_small_direct_t4096_n16_r2,slurm_out,access_granularity=1,audited targets: access_granularity,1,0,0,0,0,0,0,0,0,1,0,0,0,0,0,0,0,0
ior,16653148,mbanisha_ior_id16653148-385728_3-16-9728-13468217888869055294_1.darshan,ior_small_direct_t4096_n16_r3,slurm_out,access_granularity=1,audited targets: access_granularity,1,0,0,0,0,0,0,0,0,1,0,0,0,0,0,0,0,0
ior,16653149,mbanisha_ior_id16653149-386407_3-16-9793-15434388603696084722_1.darshan,ior_small_direct_t8192_n4_r1,slurm_out,access_granularity=1,audited targets: access_granularity,1,0,0,0,0,0,0,0,0,1,0,0,0,0,0,0,0,0
ior,16653150,mbanisha_ior_id16653150-386753_3-16-9825-1310893964850634389_1.darshan,ior_small_direct_t8192_n4_r2,slurm_out,access_granularity=1,audited targets: access_granularity,1,0,0,0,0,0,0,0,0,1,0,0,0,0,0,0,0,0
ior,16653151,mbanisha_ior_id16653151-387317_3-16-9889-2057913455576873991_1.darshan,ior_small_direct_t8192_n4_r3,slurm_out,access_granularity=1,audited targets: access_granularity,1,0,0,0,0,0,0,0,0,1,0,0,0,0,0,0,0,0
ior,16653152,mbanisha_ior_id16653152-388436_3-16-9920-16322447347984329203_1.darshan,ior_small_direct_t8192_n16_r1,slurm_out,access_granularity=1,audited targets: access_granularity,1,0,0,0,0,0,0,0,0,1,0,0,0,0,0,0,0,0
ior,16653153,mbanisha_ior_id16653153-388902_3-16-9984-12523893582424127450_1.darshan,ior_small_direct_t8192_n16_r2,slurm_out,access_granularity=1,audited targets: access_granularity,1,0,0,0,0,0,0,0,0,1,0,0,0,0,0,0,0,0
ior,16653154,mbanisha_ior_id16653154-390203_3-16-10143-15585901353795490843_1.darshan,ior_small_direct_t8192_n16_r3,slurm_out,access_granularity=1,audited targets: access_granularity,1,0,0,0,0,0,0,0,0,1,0,0,0,0,0,0,0,0
ior,16653155,mbanisha_ior_id16653155-391924_3-16-10206-14083169265270132722_1.darshan,ior_small_direct_t16384_n4_r1,slurm_out,access_granularity=1,audited targets: access_granularity,1,0,0,0,0,0,0,0,0,1,0,0,0,0,0,0,0,0
ior,16653156,mbanisha_ior_id16653156-392323_3-16-10239-4253200675107105804_1.darshan,ior_small_direct_t16384_n4_r2,slurm_out,access_granularity=1,audited targets: access_granularity,1,0,0,0,0,0,0,0,0,1,0,0,0,0,0,0,0,0
ior,16653157,mbanisha_ior_id16653157-399255_3-16-10269-15176341221442434497_1.darshan,ior_small_direct_t16384_n4_r3,slurm_out,access_granularity=1,audited targets: access_granularity,1,0,0,0,0,0,0,0,0,1,0,0,0,0,0,0,0,0
ior,16653158,mbanisha_ior_id16653158-4161907_3-16-10301-16629190192708113781_1.darshan,ior_small_direct_t16384_n16_r1,slurm_out,access_granularity=1,audited targets: access_granularity,1,0,0,0,0,0,0,0,0,1,0,0,0,0,0,0,0,0
ior,16653159,mbanisha_ior_id16653159-495985_3-16-10333-16355287226317164245_1.darshan,ior_small_direct_t16384_n16_r2,slurm_out,access_granularity=1,audited targets: access_granularity,1,0,0,0,0,0,0,0,0,1,0,0,0,0,0,0,0,0
ior,16653160,mbanisha_ior_id16653160-497156_3-16-10365-15209011319782018164_1.darshan,ior_small_direct_t16384_n16_r3,slurm_out,access_granularity=1,audited targets: access_granularity,1,0,0,0,0,0,0,0,0,1,0,0,0,0,0,0,0,0
ior,16653161,mbanisha_ior_id16653161-499187_3-16-10397-10194777835917961379_1.darshan,ior_misaligned_t1000_n4_r1,slurm_out,access_granularity=1,"audited targets: access_granularity,request_alignment; policy adds request_alignment beyond the generator label",1,0,0,0,1,0,0,0,0,1,0,0,0,1,0,0,0,0
ior,16653162,mbanisha_ior_id16653162-499322_3-16-10429-5125350890473402983_1.darshan,ior_misaligned_t1000_n4_r2,slurm_out,access_granularity=1,"audited targets: access_granularity,request_alignment; policy adds request_alignment beyond the generator label",1,0,0,0,1,0,0,0,0,1,0,0,0,1,0,0,0,0
ior,16653163,mbanisha_ior_id16653163-499774_3-16-10460-5162034129695592964_1.darshan,ior_misaligned_t1000_n4_r3,slurm_out,access_granularity=1,"audited targets: access_granularity,request_alignment; policy adds request_alignment beyond the generator label",1,0,0,0,1,0,0,0,0,1,0,0,0,1,0,0,0,0
ior,16653164,mbanisha_ior_id16653164-499906_3-16-10491-4565255427615207031_1.darshan,ior_misaligned_t1000_n16_r1,slurm_out,access_granularity=1,"audited targets: access_granularity,request_alignment; policy adds request_alignment beyond the generator label",1,0,0,0,1,0,0,0,0,1,0,0,0,1,0,0,0,0
ior,16653165,mbanisha_ior_id16653165-500377_3-16-10523-15725337894080905837_1.darshan,ior_misaligned_t1000_n16_r2,slurm_out,access_granularity=1,"audited targets: access_granularity,request_alignment; policy adds request_alignment beyond the generator label",1,0,0,0,1,0,0,0,0,1,0,0,0,1,0,0,0,0
ior,16653166,mbanisha_ior_id16653166-500524_3-16-10554-16503173643486392551_1.darshan,ior_misaligned_t1000_n16_r3,slurm_out,access_granularity=1,"audited targets: access_granularity,request_alignment; policy adds request_alignment beyond the generator label",1,0,0,0,1,0,0,0,0,1,0,0,0,1,0,0,0,0
ior,16653173,mbanisha_ior_id16653173-503592_3-16-10775-5169753645256832685_1.darshan,ior_misaligned_t3000_n4_r1,slurm_out,access_granularity=1,"audited targets: access_granularity,request_alignment; policy adds request_alignment beyond the generator label",1,0,0,0,1,0,0,0,0,1,0,0,0,1,0,0,0,0
ior,16653174,mbanisha_ior_id16653174-504184_3-16-10807-4604127010165056680_1.darshan,ior_misaligned_t3000_n4_r2,slurm_out,access_granularity=1,"audited targets: access_granularity,request_alignment; policy adds request_alignment beyond the generator label",1,0,0,0,1,0,0,0,0,1,0,0,0,1,0,0,0,0
ior,16653175,mbanisha_ior_id16653175-504321_3-16-10839-10318879621502177409_1.darshan,ior_misaligned_t3000_n4_r3,slurm_out,access_granularity=1,"audited targets: access_granularity,request_alignment; policy adds request_alignment beyond the generator label",1,0,0,0,1,0,0,0,0,1,0,0,0,1,0,0,0,0
ior,16653176,mbanisha_ior_id16653176-504796_3-16-10871-9083992256894099992_1.darshan,ior_misaligned_t3000_n16_r1,slurm_out,access_granularity=1,"audited targets: access_granularity,request_alignment; policy adds request_alignment beyond the generator label",1,0,0,0,1,0,0,0,0,1,0,0,0,1,0,0,0,0
ior,16653177,mbanisha_ior_id16653177-504945_3-16-10903-15445668230296995784_1.darshan,ior_misaligned_t3000_n16_r2,slurm_out,access_granularity=1,"audited targets: access_granularity,request_alignment; policy adds request_alignment beyond the generator label",1,0,0,0,1,0,0,0,0,1,0,0,0,1,0,0,0,0
ior,16653178,mbanisha_ior_id16653178-505413_3-16-10934-14542218420706975428_1.darshan,ior_misaligned_t3000_n16_r3,slurm_out,access_granularity=1,"audited targets: access_granularity,request_alignment; policy adds request_alignment beyond the generator label",1,0,0,0,1,0,0,0,0,1,0,0,0,1,0,0,0,0
ior,16653179,mbanisha_ior_id16653179-505601_3-16-10966-14603103687988289497_1.darshan,ior_misaligned_t7000_n4_r1,slurm_out,access_granularity=1,"audited targets: access_granularity,request_alignment; policy adds request_alignment beyond the generator label",1,0,0,0,1,0,0,0,0,1,0,0,0,1,0,0,0,0
ior,16653180,mbanisha_ior_id16653180-506122_3-16-10997-10791039876070583991_1.darshan,ior_misaligned_t7000_n4_r2,slurm_out,access_granularity=1,"audited targets: access_granularity,request_alignment; policy adds request_alignment beyond the generator label",1,0,0,0,1,0,0,0,0,1,0,0,0,1,0,0,0,0
ior,16653181,mbanisha_ior_id16653181-506317_3-16-11029-4407885612027283725_1.darshan,ior_misaligned_t7000_n4_r3,slurm_out,access_granularity=1,"audited targets: access_granularity,request_alignment; policy adds request_alignment beyond the generator label",1,0,0,0,1,0,0,0,0,1,0,0,0,1,0,0,0,0
ior,16653182,mbanisha_ior_id16653182-506785_3-16-11061-15857685067690650192_1.darshan,ior_misaligned_t7000_n16_r1,slurm_out,access_granularity=1,"audited targets: access_granularity,request_alignment; policy adds request_alignment beyond the generator label",1,0,0,0,1,0,0,0,0,1,0,0,0,1,0,0,0,0
ior,16653183,mbanisha_ior_id16653183-506959_3-16-11092-3264728979581829965_1.darshan,ior_misaligned_t7000_n16_r2,slurm_out,access_granularity=1,"audited targets: access_granularity,request_alignment; policy adds request_alignment beyond the generator label",1,0,0,0,1,0,0,0,0,1,0,0,0,1,0,0,0,0
ior,16653184,mbanisha_ior_id16653184-507442_3-16-11123-15720828697436228108_1.darshan,ior_misaligned_t7000_n16_r3,slurm_out,access_granularity=1,"audited targets: access_granularity,request_alignment; policy adds request_alignment beyond the generator label",1,0,0,0,1,0,0,0,0,1,0,0,0,1,0,0,0,0
ior,16653185,mbanisha_ior_id16653185-507594_3-16-11155-16375914482906046894_1.darshan,ior_random_posix_t4096_n4_r1,slurm_out,access_pattern=1,audited targets: access_pattern,0,0,0,1,0,0,0,0,0,0,0,0,1,0,0,0,0,0
ior,16653186,mbanisha_ior_id16653186-2623852_3-16-17502-11425073488308674951_1.darshan,ior_random_posix_t4096_n4_r2,slurm_out,access_pattern=1,audited targets: access_pattern,0,0,0,1,0,0,0,0,0,0,0,0,1,0,0,0,0,0
ior,16653187,mbanisha_ior_id16653187-151905_3-16-23543-1686564649871865449_1.darshan,ior_random_posix_t4096_n4_r3,slurm_out,access_pattern=1,audited targets: access_pattern,0,0,0,1,0,0,0,0,0,0,0,0,1,0,0,0,0,0
ior,16653188,mbanisha_ior_id16653188-2788577_3-16-31145-9028398199715412649_1.darshan,ior_random_posix_t4096_n16_r1,slurm_out,access_pattern=1,audited targets: access_pattern,0,0,0,1,0,0,0,0,0,0,0,0,1,0,0,0,0,0
ior,16653189,mbanisha_ior_id16653189-2080153_3-16-58105-1154905655964626636_34.darshan,ior_random_posix_t4096_n16_r2,slurm_out,access_pattern=1,audited targets: access_pattern,0,0,0,1,0,0,0,0,0,0,0,0,1,0,0,0,0,0
ior,16653190,mbanisha_ior_id16653190-2506306_3-16-83301-2658212661744037666_1.darshan,ior_random_posix_t4096_n16_r3,slurm_out,access_pattern=1,audited targets: access_pattern,0,0,0,1,0,0,0,0,0,0,0,0,1,0,0,0,0,0
ior,16653194,mbanisha_ior_id16653194-3846133_3-17-51842-975551427278316061_1.darshan,ior_random_posix_t65536_n4_r1,slurm_out,access_pattern=1,audited targets: access_pattern,0,0,0,1,0,0,0,0,0,0,0,0,1,0,0,0,0,0
ior,16653195,mbanisha_ior_id16653195-344408_3-17-51920-6192356730875616089_1.darshan,ior_random_posix_t65536_n4_r2,slurm_out,access_pattern=1,audited targets: access_pattern,0,0,0,1,0,0,0,0,0,0,0,0,1,0,0,0,0,0
ior,16653196,mbanisha_ior_id16653196-1048048_3-17-51997-1809749420080640896_1.darshan,ior_random_posix_t65536_n4_r3,slurm_out,access_pattern=1,audited targets: access_pattern,0,0,0,1,0,0,0,0,0,0,0,0,1,0,0,0,0,0
ior,16653197,mbanisha_ior_id16653197-1746188_3-17-52074-8917458544312521744_1.darshan,ior_random_posix_t65536_n16_r1,slurm_out,access_pattern=1,audited targets: access_pattern,0,0,0,1,0,0,0,0,0,0,0,0,1,0,0,0,0,0
ior,16653198,mbanisha_ior_id16653198-1679864_3-17-53058-14380466373559440801_1.darshan,ior_random_posix_t65536_n16_r2,slurm_out,access_pattern=1,audited targets: access_pattern,0,0,0,1,0,0,0,0,0,0,0,0,1,0,0,0,0,0
ior,16804817,mbanisha_ior_id16804817-2105337_3-18-54063-9377627303847066737_27.darshan,ior_file_explosion_t65536_n128_r1,none,file_strategy=1,scenario has no audited target contract,0,0,0,0,0,0,0,0,0,0,0,0,0,0,0,0,0,0
ior,16804818,mbanisha_ior_id16804818-2465495_3-18-54406-16374707859728354783_26.darshan,ior_file_explosion_t65536_n128_r2,none,file_strategy=1,scenario has no audited target contract,0,0,0,0,0,0,0,0,0,0,0,0,0,0,0,0,0,0
ior,16804819,mbanisha_ior_id16804819-2467061_3-18-54611-5906920378694549910_33.darshan,ior_file_explosion_t65536_n128_r3,none,file_strategy=1,scenario has no audited target contract,0,0,0,0,0,0,0,0,0,0,0,0,0,0,0,0,0,0
ior,16804862,mbanisha_ior_id16804862-3584683_3-19-57668-617638411283363451_30.darshan,ior_interface_mpiio_indep_t1048576_n128_r1,slurm_out,interface_choice=1,audited targets: interface_choice,0,0,0,0,0,1,0,0,0,0,0,0,0,0,1,0,0,0
ior,16804863,mbanisha_ior_id16804863-3589317_3-19-58440-9621950376060075059_30.darshan,ior_interface_mpiio_indep_t1048576_n128_r2,slurm_out,interface_choice=1,audited targets: interface_choice,0,0,0,0,0,1,0,0,0,0,0,0,0,0,1,0,0,0
ior,16804864,mbanisha_ior_id16804864-1097256_3-19-59266-12463870912227164488_31.darshan,ior_interface_mpiio_indep_t1048576_n128_r3,slurm_out,interface_choice=1,audited targets: interface_choice,0,0,0,0,0,1,0,0,0,0,0,0,0,0,1,0,0,0
ior,16843330,mbanisha_ior_id16843330-1308078_3-19-78672-2586094072517983230_47.darshan,ior_healthy_collective_t4194304_n128_r1,slurm_out,healthy=1,"audited targets: access_granularity,interface_choice,metadata_intensity",0,0,0,0,0,0,0,0,1,1,1,0,0,0,1,0,0,0
ior,16843331,mbanisha_ior_id16843331-2510876_3-20-31883-18131880906308672019_49.darshan,ior_healthy_collective_t4194304_n128_r2,slurm_out,healthy=1,"audited targets: access_granularity,interface_choice,metadata_intensity",0,0,0,0,0,0,0,0,1,1,1,0,0,0,1,0,0,0
ior,16843332,mbanisha_ior_id16843332-2107599_3-20-84879-11298581198357632367_47.darshan,ior_healthy_collective_t4194304_n128_r3,slurm_out,healthy=1,"audited targets: access_granularity,interface_choice,metadata_intensity",0,0,0,0,0,0,0,0,1,1,1,0,0,0,1,0,0,0
ior,17309295,mbanisha_ior_id17309295-3881385_4-5-43752-2537540401471095212_1.darshan,,none,,no SLURM stdout and no step mapping,0,0,0,0,0,0,0,0,0,0,0,0,0,0,0,0,0,0
ior,17309295,mbanisha_ior_id17309295-3881856_4-5-43828-10919742001700986517_1.darshan,,none,,no SLURM stdout and no step mapping,0,0,0,0,0,0,0,0,0,0,0,0,0,0,0,0,0,0
ior,17309295,mbanisha_ior_id17309295-3882859_4-5-43985-8896240575366134148_1.darshan,,none,,no SLURM stdout and no step mapping,0,0,0,0,0,0,0,0,0,0,0,0,0,0,0,0,0,0
ior,17309295,mbanisha_ior_id17309295-3882885_4-5-44012-4336948889988272309_1.darshan,,none,,no SLURM stdout and no step mapping,0,0,0,0,0,0,0,0,0,0,0,0,0,0,0,0,0,0
ior,17309295,mbanisha_ior_id17309295-3885699_4-5-44481-8498860703346130568_1.darshan,,none,,no SLURM stdout and no step mapping,0,0,0,0,0,0,0,0,0,0,0,0,0,0,0,0,0,0
ior,17309295,mbanisha_ior_id17309295-3888265_4-5-44905-11318916176240674844_1.darshan,,none,,no SLURM stdout and no step mapping,0,0,0,0,0,0,0,0,0,0,0,0,0,0,0,0,0,0
ior,17309295,mbanisha_ior_id17309295-3906385_4-5-48024-1202543287588945107_1.darshan,,none,,no SLURM stdout and no step mapping,0,0,0,0,0,0,0,0,0,0,0,0,0,0,0,0,0,0
ior,17309295,mbanisha_ior_id17309295-3906732_4-5-48070-8397262937925223613_1.darshan,,none,,no SLURM stdout and no step mapping,0,0,0,0,0,0,0,0,0,0,0,0,0,0,0,0,0,0
ior,17309295,mbanisha_ior_id17309295-3906757_4-5-48108-18164638916982474253_1.darshan,,none,,no SLURM stdout and no step mapping,0,0,0,0,0,0,0,0,0,0,0,0,0,0,0,0,0,0
ior,17309295,mbanisha_ior_id17309295-3907107_4-5-48154-12140137057223962261_1.darshan,,none,,no SLURM stdout and no step mapping,0,0,0,0,0,0,0,0,0,0,0,0,0,0,0,0,0,0
ior,17309295,mbanisha_ior_id17309295-3907790_4-5-48252-7475234418575036267_1.darshan,,none,,no SLURM stdout and no step mapping,0,0,0,0,0,0,0,0,0,0,0,0,0,0,0,0,0,0
ior,17309295,mbanisha_ior_id17309295-3908164_4-5-48331-7963306936065271228_1.darshan,,none,,no SLURM stdout and no step mapping,0,0,0,0,0,0,0,0,0,0,0,0,0,0,0,0,0,0
ior,17309295,mbanisha_ior_id17309295-3908956_4-5-48422-2629743751629520764_1.darshan,,none,,no SLURM stdout and no step mapping,0,0,0,0,0,0,0,0,0,0,0,0,0,0,0,0,0,0
ior,17309295,mbanisha_ior_id17309295-3908980_4-5-48439-14930646579342428518_1.darshan,,none,,no SLURM stdout and no step mapping,0,0,0,0,0,0,0,0,0,0,0,0,0,0,0,0,0,0
ior,17309295,mbanisha_ior_id17309295-3909006_4-5-48444-9816122247367229348_1.darshan,,none,,no SLURM stdout and no step mapping,0,0,0,0,0,0,0,0,0,0,0,0,0,0,0,0,0,0
ior,17309295,mbanisha_ior_id17309295-3909030_4-5-48473-10298299234950676296_1.darshan,,none,,no SLURM stdout and no step mapping,0,0,0,0,0,0,0,0,0,0,0,0,0,0,0,0,0,0
ior,17309295,mbanisha_ior_id17309295-3909392_4-5-48505-14341382087896144937_1.darshan,,none,,no SLURM stdout and no step mapping,0,0,0,0,0,0,0,0,0,0,0,0,0,0,0,0,0,0
ior,17309295,mbanisha_ior_id17309295-3909765_4-5-48557-2978661067379981909_1.darshan,,none,,no SLURM stdout and no step mapping,0,0,0,0,0,0,0,0,0,0,0,0,0,0,0,0,0,0
ior,17309295,mbanisha_ior_id17309295-3910066_4-5-48590-14842524975091227164_1.darshan,,none,,no SLURM stdout and no step mapping,0,0,0,0,0,0,0,0,0,0,0,0,0,0,0,0,0,0
ior,17309295,mbanisha_ior_id17309295-3910090_4-5-48598-15488290198416671429_1.darshan,,none,,no SLURM stdout and no step mapping,0,0,0,0,0,0,0,0,0,0,0,0,0,0,0,0,0,0
ior,17309295,mbanisha_ior_id17309295-3910562_4-5-48617-5420306501697283790_1.darshan,,none,,no SLURM stdout and no step mapping,0,0,0,0,0,0,0,0,0,0,0,0,0,0,0,0,0,0
ior,17309295,mbanisha_ior_id17309295-3910587_4-5-48624-3026539804153353018_1.darshan,,none,,no SLURM stdout and no step mapping,0,0,0,0,0,0,0,0,0,0,0,0,0,0,0,0,0,0
ior,17309295,mbanisha_ior_id17309295-3910627_4-5-48658-4450102614944227342_1.darshan,,none,,no SLURM stdout and no step mapping,0,0,0,0,0,0,0,0,0,0,0,0,0,0,0,0,0,0
ior,17309295,mbanisha_ior_id17309295-3911127_4-5-48689-9700040621263784792_1.darshan,,none,,no SLURM stdout and no step mapping,0,0,0,0,0,0,0,0,0,0,0,0,0,0,0,0,0,0
ior,17309295,mbanisha_ior_id17309295-3911485_4-5-48726-1807527239579307170_1.darshan,,none,,no SLURM stdout and no step mapping,0,0,0,0,0,0,0,0,0,0,0,0,0,0,0,0,0,0
ior,17309295,mbanisha_ior_id17309295-3911511_4-5-48748-2394876480011524626_1.darshan,,none,,no SLURM stdout and no step mapping,0,0,0,0,0,0,0,0,0,0,0,0,0,0,0,0,0,0
ior,17309295,mbanisha_ior_id17309295-3911535_4-5-48768-2277541776368439827_1.darshan,,none,,no SLURM stdout and no step mapping,0,0,0,0,0,0,0,0,0,0,0,0,0,0,0,0,0,0
ior,17309295,mbanisha_ior_id17309295-3911882_4-5-48789-4304143766652469854_1.darshan,,none,,no SLURM stdout and no step mapping,0,0,0,0,0,0,0,0,0,0,0,0,0,0,0,0,0,0
ior,17309295,mbanisha_ior_id17309295-3911926_4-5-48837-17979049620630713345_1.darshan,,none,,no SLURM stdout and no step mapping,0,0,0,0,0,0,0,0,0,0,0,0,0,0,0,0,0,0
ior,17309295,mbanisha_ior_id17309295-3912286_4-5-48866-3568963339567494019_1.darshan,,none,,no SLURM stdout and no step mapping,0,0,0,0,0,0,0,0,0,0,0,0,0,0,0,0,0,0
ior,17309295,mbanisha_ior_id17309295-3912323_4-5-48894-6355335352018467987_1.darshan,,none,,no SLURM stdout and no step mapping,0,0,0,0,0,0,0,0,0,0,0,0,0,0,0,0,0,0
ior,17309295,mbanisha_ior_id17309295-3914393_4-5-49208-6100123732327716966_1.darshan,,none,,no SLURM stdout and no step mapping,0,0,0,0,0,0,0,0,0,0,0,0,0,0,0,0,0,0
ior,17309295,mbanisha_ior_id17309295-3917761_4-5-49824-5140889496760175992_1.darshan,,none,,no SLURM stdout and no step mapping,0,0,0,0,0,0,0,0,0,0,0,0,0,0,0,0,0,0
ior,17310584,mbanisha_ior_id17310584-2229261_4-5-51549-15925519475817416867_1.darshan,,none,,no SLURM stdout and no step mapping,0,0,0,0,0,0,0,0,0,0,0,0,0,0,0,0,0,0
ior,17310584,mbanisha_ior_id17310584-2229287_4-5-51559-16928710944670135862_1.darshan,,none,,no SLURM stdout and no step mapping,0,0,0,0,0,0,0,0,0,0,0,0,0,0,0,0,0,0
ior,17310584,mbanisha_ior_id17310584-2229313_4-5-51570-6452274846308967307_1.darshan,,none,,no SLURM stdout and no step mapping,0,0,0,0,0,0,0,0,0,0,0,0,0,0,0,0,0,0
ior,17310584,mbanisha_ior_id17310584-2229339_4-5-51581-15767763068205879313_1.darshan,,none,,no SLURM stdout and no step mapping,0,0,0,0,0,0,0,0,0,0,0,0,0,0,0,0,0,0
ior,17310653,mbanisha_ior_id17310653-2501850_4-5-52456-11559963813742572745_1.darshan,17310653.0,step_mapping,access_pattern=1,SLURM step mapping from results/boost_experiment/new_gt; source at Git commit 83083ed:scripts/run_boost_experiment.py; audited targets: access_pattern,0,0,0,1,0,0,0,0,0,0,0,0,1,0,0,0,0,0
ior,17310653,mbanisha_ior_id17310653-2501888_4-5-52484-10512863118317556872_1.darshan,17310653.1,step_mapping,access_pattern=1,SLURM step mapping from results/boost_experiment/new_gt; source at Git commit 83083ed:scripts/run_boost_experiment.py; audited targets: access_pattern,0,0,0,1,0,0,0,0,0,0,0,0,1,0,0,0,0,0
ior,17310653,mbanisha_ior_id17310653-2502251_4-5-52513-8621568174846318056_1.darshan,17310653.2,step_mapping,access_pattern=1,SLURM step mapping from results/boost_experiment/new_gt; source at Git commit 83083ed:scripts/run_boost_experiment.py; audited targets: access_pattern,0,0,0,1,0,0,0,0,0,0,0,0,1,0,0,0,0,0
ior,17310653,mbanisha_ior_id17310653-2503003_4-5-52670-3986717176167880999_1.darshan,17310653.3,step_mapping,access_pattern=1,SLURM step mapping from results/boost_experiment/new_gt; source at Git commit 83083ed:scripts/run_boost_experiment.py; audited targets: access_pattern,0,0,0,1,0,0,0,0,0,0,0,0,1,0,0,0,0,0
ior,17310653,mbanisha_ior_id17310653-2503747_4-5-52780-1008678491123514273_1.darshan,17310653.4,step_mapping,access_pattern=1,SLURM step mapping from results/boost_experiment/new_gt; source at Git commit 83083ed:scripts/run_boost_experiment.py; audited targets: access_pattern,0,0,0,1,0,0,0,0,0,0,0,0,1,0,0,0,0,0
ior,17310653,mbanisha_ior_id17310653-2518748_4-5-55404-6692118063354181931_1.darshan,17310653.5,step_mapping,access_pattern=1,SLURM step mapping from results/boost_experiment/new_gt; source at Git commit 83083ed:scripts/run_boost_experiment.py; audited targets: access_pattern,0,0,0,1,0,0,0,0,0,0,0,0,1,0,0,0,0,0
ior,17310653,mbanisha_ior_id17310653-2536060_4-5-58479-7082733626625606382_1.darshan,17310653.6,step_mapping,access_pattern=1,SLURM step mapping from results/boost_experiment/new_gt; source at Git commit 83083ed:scripts/run_boost_experiment.py; audited targets: access_pattern,0,0,0,1,0,0,0,0,0,0,0,0,1,0,0,0,0,0
ior,17310653,mbanisha_ior_id17310653-2536103_4-5-58488-15052626067284485593_1.darshan,17310653.7,step_mapping,access_pattern=1,SLURM step mapping from results/boost_experiment/new_gt; source at Git commit 83083ed:scripts/run_boost_experiment.py; audited targets: access_pattern,0,0,0,1,0,0,0,0,0,0,0,0,1,0,0,0,0,0
ior,17310653,mbanisha_ior_id17310653-2536140_4-5-58499-16913865747432982932_1.darshan,17310653.8,step_mapping,access_pattern=1,SLURM step mapping from results/boost_experiment/new_gt; source at Git commit 83083ed:scripts/run_boost_experiment.py; audited targets: access_pattern,0,0,0,1,0,0,0,0,0,0,0,0,1,0,0,0,0,0
ior,17310653,mbanisha_ior_id17310653-2536562_4-5-58521-5538177736001122945_1.darshan,17310653.9,step_mapping,access_pattern=1,SLURM step mapping from results/boost_experiment/new_gt; source at Git commit 83083ed:scripts/run_boost_experiment.py; audited targets: access_pattern,0,0,0,1,0,0,0,0,0,0,0,0,1,0,0,0,0,0
ior,17310653,mbanisha_ior_id17310653-2536658_4-5-58552-15956996454347697638_1.darshan,17310653.10,step_mapping,access_pattern=1,SLURM step mapping from results/boost_experiment/new_gt; source at Git commit 83083ed:scripts/run_boost_experiment.py; audited targets: access_pattern,0,0,0,1,0,0,0,0,0,0,0,0,1,0,0,0,0,0
ior,17310653,mbanisha_ior_id17310653-2538285_4-5-58783-11589722415228098885_1.darshan,17310653.11,step_mapping,access_pattern=1,SLURM step mapping from results/boost_experiment/new_gt; source at Git commit 83083ed:scripts/run_boost_experiment.py; audited targets: access_pattern,0,0,0,1,0,0,0,0,0,0,0,0,1,0,0,0,0,0
ior,17310653,mbanisha_ior_id17310653-2540031_4-5-59001-13059920272157084472_1.darshan,17310653.12,step_mapping,access_pattern=1,SLURM step mapping from results/boost_experiment/new_gt; source at Git commit 83083ed:scripts/run_boost_experiment.py; audited targets: access_pattern,0,0,0,1,0,0,0,0,0,0,0,0,1,0,0,0,0,0
ior,17310653,mbanisha_ior_id17310653-2540067_4-5-59006-18376656624532103294_1.darshan,17310653.13,step_mapping,access_pattern=1,SLURM step mapping from results/boost_experiment/new_gt; source at Git commit 83083ed:scripts/run_boost_experiment.py; audited targets: access_pattern,0,0,0,1,0,0,0,0,0,0,0,0,1,0,0,0,0,0
ior,17310653,mbanisha_ior_id17310653-2540104_4-5-59012-6720862099622673439_1.darshan,17310653.14,step_mapping,access_pattern=1,SLURM step mapping from results/boost_experiment/new_gt; source at Git commit 83083ed:scripts/run_boost_experiment.py; audited targets: access_pattern,0,0,0,1,0,0,0,0,0,0,0,0,1,0,0,0,0,0
ior,17310653,mbanisha_ior_id17310653-2540201_4-5-59025-17469251621099408273_1.darshan,17310653.15,step_mapping,access_pattern=1,SLURM step mapping from results/boost_experiment/new_gt; source at Git commit 83083ed:scripts/run_boost_experiment.py; audited targets: access_pattern,0,0,0,1,0,0,0,0,0,0,0,0,1,0,0,0,0,0
ior,17310653,mbanisha_ior_id17310653-2540298_4-5-59038-2007492435049590171_1.darshan,17310653.16,step_mapping,access_pattern=1,SLURM step mapping from results/boost_experiment/new_gt; source at Git commit 83083ed:scripts/run_boost_experiment.py; audited targets: access_pattern,0,0,0,1,0,0,0,0,0,0,0,0,1,0,0,0,0,0
ior,17310653,mbanisha_ior_id17310653-2540960_4-5-59092-6590500601264386828_1.darshan,17310653.17,step_mapping,access_pattern=1,SLURM step mapping from results/boost_experiment/new_gt; source at Git commit 83083ed:scripts/run_boost_experiment.py; audited targets: access_pattern,0,0,0,1,0,0,0,0,0,0,0,0,1,0,0,0,0,0
ior,17310653,mbanisha_ior_id17310653-2541627_4-5-59130-15011925067098755494_1.darshan,17310653.18,step_mapping,access_pattern=1,SLURM step mapping from results/boost_experiment/new_gt; source at Git commit 83083ed:scripts/run_boost_experiment.py; audited targets: access_pattern,0,0,0,1,0,0,0,0,0,0,0,0,1,0,0,0,0,0
ior,17310653,mbanisha_ior_id17310653-2541663_4-5-59134-11438492229164659260_1.darshan,17310653.19,step_mapping,access_pattern=1,SLURM step mapping from results/boost_experiment/new_gt; source at Git commit 83083ed:scripts/run_boost_experiment.py; audited targets: access_pattern,0,0,0,1,0,0,0,0,0,0,0,0,1,0,0,0,0,0
ior,17310653,mbanisha_ior_id17310653-2541700_4-5-59140-16007324216465928644_1.darshan,17310653.20,step_mapping,access_pattern=1,SLURM step mapping from results/boost_experiment/new_gt; source at Git commit 83083ed:scripts/run_boost_experiment.py; audited targets: access_pattern,0,0,0,1,0,0,0,0,0,0,0,0,1,0,0,0,0,0
ior,17310653,mbanisha_ior_id17310653-2541797_4-5-59149-7457013204827728350_1.darshan,17310653.21,step_mapping,access_pattern=1,SLURM step mapping from results/boost_experiment/new_gt; source at Git commit 83083ed:scripts/run_boost_experiment.py; audited targets: access_pattern,0,0,0,1,0,0,0,0,0,0,0,0,1,0,0,0,0,0
ior,17310653,mbanisha_ior_id17310653-2541895_4-5-59158-10711973512535111468_1.darshan,17310653.22,step_mapping,access_pattern=1,SLURM step mapping from results/boost_experiment/new_gt; source at Git commit 83083ed:scripts/run_boost_experiment.py; audited targets: access_pattern,0,0,0,1,0,0,0,0,0,0,0,0,1,0,0,0,0,0
ior,17310653,mbanisha_ior_id17310653-2542557_4-5-59193-15038474608402557213_1.darshan,17310653.23,step_mapping,access_pattern=1,SLURM step mapping from results/boost_experiment/new_gt; source at Git commit 83083ed:scripts/run_boost_experiment.py; audited targets: access_pattern,0,0,0,1,0,0,0,0,0,0,0,0,1,0,0,0,0,0
ior,17310653,mbanisha_ior_id17310653-2543273_4-5-59222-2578622630528459627_1.darshan,17310653.24,none,file_strategy=1,file-per-process run has too few files for the many-small-files class,0,0,0,0,0,0,0,0,0,0,0,0,0,0,0,0,0,0
ior,17310653,mbanisha_ior_id17310653-2543449_4-5-59226-12064396034826130663_1.darshan,17310653.25,none,file_strategy=1,file-per-process run has too few files for the many-small-files class,0,0,0,0,0,0,0,0,0,0,0,0,0,0,0,0,0,0
ior,17310653,mbanisha_ior_id17310653-2543626_4-5-59230-12843079818560082205_1.darshan,17310653.26,none,file_strategy=1,file-per-process run has too few files for the many-small-files class,0,0,0,0,0,0,0,0,0,0,0,0,0,0,0,0,0,0
ior,17310653,mbanisha_ior_id17310653-2543802_4-5-59239-6187698038212259177_1.darshan,17310653.27,none,file_strategy=1,file-per-process run has too few files for the many-small-files class,0,0,0,0,0,0,0,0,0,0,0,0,0,0,0,0,0,0
ior,17310653,mbanisha_ior_id17310653-2543981_4-5-59247-4551339985130511677_1.darshan,17310653.28,none,file_strategy=1,file-per-process run has too few files for the many-small-files class,0,0,0,0,0,0,0,0,0,0,0,0,0,0,0,0,0,0
ior,17310653,mbanisha_ior_id17310653-2544160_4-5-59250-13006960975804657527_1.darshan,17310653.29,none,file_strategy=1,file-per-process run has too few files for the many-small-files class,0,0,0,0,0,0,0,0,0,0,0,0,0,0,0,0,0,0
ior,17310653,mbanisha_ior_id17310653-2544336_4-5-59255-13432465376603442182_1.darshan,17310653.30,none,file_strategy=1,file-per-process run has too few files for the many-small-files class,0,0,0,0,0,0,0,0,0,0,0,0,0,0,0,0,0,0
ior,17310653,mbanisha_ior_id17310653-2544677_4-5-59261-10348696823477486934_1.darshan,17310653.31,none,file_strategy=1,file-per-process run has too few files for the many-small-files class,0,0,0,0,0,0,0,0,0,0,0,0,0,0,0,0,0,0
ior,17310653,mbanisha_ior_id17310653-2545017_4-5-59267-949160280749796764_1.darshan,17310653.32,none,file_strategy=1,file-per-process run has too few files for the many-small-files class,0,0,0,0,0,0,0,0,0,0,0,0,0,0,0,0,0,0
ior,17310653,mbanisha_ior_id17310653-2545353_4-5-59273-8450022279212830093_1.darshan,17310653.33,none,file_strategy=1,file-per-process run has too few files for the many-small-files class,0,0,0,0,0,0,0,0,0,0,0,0,0,0,0,0,0,0
ior,17310653,mbanisha_ior_id17310653-2545690_4-5-59280-11354385177315930095_1.darshan,17310653.34,none,file_strategy=1,file-per-process run has too few files for the many-small-files class,0,0,0,0,0,0,0,0,0,0,0,0,0,0,0,0,0,0
ior,17310653,mbanisha_ior_id17310653-2546356_4-5-59287-10276749461189447956_1.darshan,17310653.35,none,file_strategy=1,file-per-process run has too few files for the many-small-files class,0,0,0,0,0,0,0,0,0,0,0,0,0,0,0,0,0,0
ior,17310653,mbanisha_ior_id17310653-2546696_4-5-59294-1063342217123053284_1.darshan,17310653.36,none,file_strategy=1,file-per-process run has too few files for the many-small-files class,0,0,0,0,0,0,0,0,0,0,0,0,0,0,0,0,0,0
ior,17310653,mbanisha_ior_id17310653-2547354_4-5-59304-10044359169433302586_1.darshan,17310653.37,none,file_strategy=1,file-per-process run has too few files for the many-small-files class,0,0,0,0,0,0,0,0,0,0,0,0,0,0,0,0,0,0
ior,17310653,mbanisha_ior_id17310653-2548014_4-5-59316-13174168060275206156_1.darshan,17310653.38,none,file_strategy=1,file-per-process run has too few files for the many-small-files class,0,0,0,0,0,0,0,0,0,0,0,0,0,0,0,0,0,0
ior,17310653,mbanisha_ior_id17310653-2548677_4-5-59327-10744806203160638348_1.darshan,17310653.39,none,file_strategy=1,file-per-process run has too few files for the many-small-files class,0,0,0,0,0,0,0,0,0,0,0,0,0,0,0,0,0,0
ior,17310653,mbanisha_ior_id17310653-2549335_4-5-59338-4913128129001062536_1.darshan,17310653.40,none,file_strategy=1,file-per-process run has too few files for the many-small-files class,0,0,0,0,0,0,0,0,0,0,0,0,0,0,0,0,0,0
ior,17310653,mbanisha_ior_id17310653-2550315_4-5-59349-1842058896070666251_1.darshan,17310653.41,none,file_strategy=1,file-per-process run has too few files for the many-small-files class,0,0,0,0,0,0,0,0,0,0,0,0,0,0,0,0,0,0
ior,17310653,mbanisha_ior_id17310653-2550974_4-5-59358-14484746328860049895_1.darshan,17310653.42,step_mapping,throughput_utilization=1,SLURM step mapping from results/boost_experiment/new_gt; source at Git commit 83083ed:scripts/run_boost_experiment.py; audited targets: throughput_utilization,0,0,0,0,0,0,0,1,0,0,0,0,0,0,0,0,1,0
ior,17310653,mbanisha_ior_id17310653-2551010_4-5-59374-11983647670920142989_1.darshan,17310653.43,step_mapping,throughput_utilization=1,SLURM step mapping from results/boost_experiment/new_gt; source at Git commit 83083ed:scripts/run_boost_experiment.py; audited targets: throughput_utilization,0,0,0,0,0,0,0,1,0,0,0,0,0,0,0,0,1,0
ior,17310653,mbanisha_ior_id17310653-2551046_4-5-59390-3436058319753517227_1.darshan,17310653.44,step_mapping,throughput_utilization=1,SLURM step mapping from results/boost_experiment/new_gt; source at Git commit 83083ed:scripts/run_boost_experiment.py; audited targets: throughput_utilization,0,0,0,0,0,0,0,1,0,0,0,0,0,0,0,0,1,0
ior,17310653,mbanisha_ior_id17310653-2551429_4-5-59407-5369980163461323986_1.darshan,17310653.45,step_mapping,throughput_utilization=1,SLURM step mapping from results/boost_experiment/new_gt; source at Git commit 83083ed:scripts/run_boost_experiment.py; audited targets: throughput_utilization,0,0,0,0,0,0,0,1,0,0,0,0,0,0,0,0,1,0
ior,17310653,mbanisha_ior_id17310653-2551850_4-5-59498-15089234952336526957_1.darshan,17310653.46,step_mapping,throughput_utilization=1,SLURM step mapping from results/boost_experiment/new_gt; source at Git commit 83083ed:scripts/run_boost_experiment.py; audited targets: throughput_utilization,0,0,0,0,0,0,0,1,0,0,0,0,0,0,0,0,1,0
ior,17310653,mbanisha_ior_id17310653-2552913_4-5-59650-10927471093066300664_1.darshan,17310653.47,step_mapping,throughput_utilization=1,SLURM step mapping from results/boost_experiment/new_gt; source at Git commit 83083ed:scripts/run_boost_experiment.py; audited targets: throughput_utilization,0,0,0,0,0,0,0,1,0,0,0,0,0,0,0,0,1,0
ior,17310653,mbanisha_ior_id17310653-2553011_4-5-59700-7625077865755937379_1.darshan,17310653.48,step_mapping,throughput_utilization=1,SLURM step mapping from results/boost_experiment/new_gt; source at Git commit 83083ed:scripts/run_boost_experiment.py; audited targets: throughput_utilization,0,0,0,0,0,0,0,1,0,0,0,0,0,0,0,0,1,0
ior,17310653,mbanisha_ior_id17310653-2553838_4-5-59771-4572675484591829621_1.darshan,17310653.49,step_mapping,throughput_utilization=1,SLURM step mapping from results/boost_experiment/new_gt; source at Git commit 83083ed:scripts/run_boost_experiment.py; audited targets: throughput_utilization,0,0,0,0,0,0,0,1,0,0,0,0,0,0,0,0,1,0
ior,17310653,mbanisha_ior_id17310653-2554342_4-5-59849-3373368413326688672_1.darshan,17310653.50,step_mapping,throughput_utilization=1,SLURM step mapping from results/boost_experiment/new_gt; source at Git commit 83083ed:scripts/run_boost_experiment.py; audited targets: throughput_utilization,0,0,0,0,0,0,0,1,0,0,0,0,0,0,0,0,1,0
ior,17310653,mbanisha_ior_id17310653-2554842_4-5-59927-16126527146214419345_1.darshan,17310653.51,step_mapping,throughput_utilization=1,SLURM step mapping from results/boost_experiment/new_gt; source at Git commit 83083ed:scripts/run_boost_experiment.py; audited targets: throughput_utilization,0,0,0,0,0,0,0,1,0,0,0,0,0,0,0,0,1,0
ior,17310653,mbanisha_ior_id17310653-2555548_4-5-60013-5448659489150301176_1.darshan,17310653.52,step_mapping,throughput_utilization=1,SLURM step mapping from results/boost_experiment/new_gt; source at Git commit 83083ed:scripts/run_boost_experiment.py; audited targets: throughput_utilization,0,0,0,0,0,0,0,1,0,0,0,0,0,0,0,0,1,0
ior,17310653,mbanisha_ior_id17310653-2555585_4-5-60033-14203582459457977386_1.darshan,17310653.53,step_mapping,throughput_utilization=1,SLURM step mapping from results/boost_experiment/new_gt; source at Git commit 83083ed:scripts/run_boost_experiment.py; audited targets: throughput_utilization,0,0,0,0,0,0,0,1,0,0,0,0,0,0,0,0,1,0
ior,17310653,mbanisha_ior_id17310653-2555621_4-5-60051-17927475123540005461_1.darshan,17310653.54,step_mapping,throughput_utilization=1,SLURM step mapping from results/boost_experiment/new_gt; source at Git commit 83083ed:scripts/run_boost_experiment.py; audited targets: throughput_utilization,0,0,0,0,0,0,0,1,0,0,0,0,0,0,0,0,1,0
ior,17310653,mbanisha_ior_id17310653-2556363_4-5-60123-7321541183695584439_1.darshan,17310653.55,step_mapping,throughput_utilization=1,SLURM step mapping from results/boost_experiment/new_gt; source at Git commit 83083ed:scripts/run_boost_experiment.py; audited targets: throughput_utilization,0,0,0,0,0,0,0,1,0,0,0,0,0,0,0,0,1,0
ior,17310653,mbanisha_ior_id17310653-2557431_4-5-60327-14943828754875876373_1.darshan,17310653.56,step_mapping,throughput_utilization=1,SLURM step mapping from results/boost_experiment/new_gt; source at Git commit 83083ed:scripts/run_boost_experiment.py; audited targets: throughput_utilization,0,0,0,0,0,0,0,1,0,0,0,0,0,0,0,0,1,0
ior,17310653,mbanisha_ior_id17310653-2557851_4-5-60400-2510373850180018298_1.darshan,17310653.57,step_mapping,throughput_utilization=1,SLURM step mapping from results/boost_experiment/new_gt; source at Git commit 83083ed:scripts/run_boost_experiment.py; audited targets: throughput_utilization,0,0,0,0,0,0,0,1,0,0,0,0,0,0,0,0,1,0
ior,17310653,mbanisha_ior_id17310653-2558997_4-5-60558-6633950713047822308_1.darshan,17310653.58,step_mapping,throughput_utilization=1,SLURM step mapping from results/boost_experiment/new_gt; source at Git commit 83083ed:scripts/run_boost_experiment.py; audited targets: throughput_utilization,0,0,0,0,0,0,0,1,0,0,0,0,0,0,0,0,1,0
ior,17310653,mbanisha_ior_id17310653-2559876_4-5-60686-8273487571951433468_1.darshan,17310653.59,step_mapping,throughput_utilization=1,SLURM step mapping from results/boost_experiment/new_gt; source at Git commit 83083ed:scripts/run_boost_experiment.py; audited targets: throughput_utilization,0,0,0,0,0,0,0,1,0,0,0,0,0,0,0,0,1,0
ior,17310653,mbanisha_ior_id17310653-2560704_4-5-60836-17347721978843167844_1.darshan,17310653.60,step_mapping,healthy=1,"SLURM step mapping from results/boost_experiment/new_gt; source at Git commit 83083ed:scripts/run_boost_experiment.py; audited targets: access_granularity,access_pattern,interface_choice,request_alignment,throughput_utilization",0,0,0,0,0,0,0,0,1,1,0,0,1,1,1,0,1,0
ior,17310653,mbanisha_ior_id17310653-2564183_4-5-61399-13596920385132416142_1.darshan,17310653.61,step_mapping,healthy=1,"SLURM step mapping from results/boost_experiment/new_gt; source at Git commit 83083ed:scripts/run_boost_experiment.py; audited targets: access_granularity,access_pattern,interface_choice,request_alignment,throughput_utilization",0,0,0,0,0,0,0,0,1,1,0,0,1,1,1,0,1,0
ior,17310653,mbanisha_ior_id17310653-2566688_4-5-61858-4394705534799960448_1.darshan,17310653.62,step_mapping,healthy=1,"SLURM step mapping from results/boost_experiment/new_gt; source at Git commit 83083ed:scripts/run_boost_experiment.py; audited targets: access_granularity,access_pattern,interface_choice,request_alignment,throughput_utilization",0,0,0,0,0,0,0,0,1,1,0,0,1,1,1,0,1,0
ior,17310653,mbanisha_ior_id17310653-2574308_4-5-63141-6875175076111643932_3.darshan,17310653.63,step_mapping,healthy=1,"SLURM step mapping from results/boost_experiment/new_gt; source at Git commit 83083ed:scripts/run_boost_experiment.py; audited targets: access_granularity,access_pattern,interface_choice,request_alignment,throughput_utilization",0,0,0,0,0,0,0,0,1,1,0,0,1,1,1,0,1,0
ior,17310653,mbanisha_ior_id17310653-2581340_4-5-64353-16828722605548735134_1.darshan,17310653.64,step_mapping,healthy=1,"SLURM step mapping from results/boost_experiment/new_gt; source at Git commit 83083ed:scripts/run_boost_experiment.py; audited targets: access_granularity,access_pattern,interface_choice,request_alignment,throughput_utilization",0,0,0,0,0,0,0,0,1,1,0,0,1,1,1,0,1,0
ior,17310653,mbanisha_ior_id17310653-2597729_4-5-67027-14990038038950186371_1.darshan,17310653.65,step_mapping,healthy=1,"SLURM step mapping from results/boost_experiment/new_gt; source at Git commit 83083ed:scripts/run_boost_experiment.py; audited targets: access_granularity,access_pattern,interface_choice,request_alignment,throughput_utilization",0,0,0,0,0,0,0,0,1,1,0,0,1,1,1,0,1,0
mdtest,16651410,mbanisha_mdtest_id16651410-3906299_3-15-80096-4922657321423240259_1.darshan,mdtest_meta_shared_n1000_r4_rep1,slurm_out,metadata_intensity=1,audited targets: metadata_intensity,0,1,0,0,0,0,0,0,0,0,1,0,0,0,0,0,0,0
mdtest,16651411,mbanisha_mdtest_id16651411-3907154_3-15-80159-16965587281443358038_1.darshan,mdtest_meta_shared_n1000_r4_rep2,slurm_out,metadata_intensity=1,audited targets: metadata_intensity,0,1,0,0,0,0,0,0,0,0,1,0,0,0,0,0,0,0
mdtest,16651412,mbanisha_mdtest_id16651412-3908313_3-15-80221-14977473176481841036_1.darshan,mdtest_meta_shared_n1000_r4_rep3,slurm_out,metadata_intensity=1,audited targets: metadata_intensity,0,1,0,0,0,0,0,0,0,0,1,0,0,0,0,0,0,0
mdtest,16651413,mbanisha_mdtest_id16651413-3909086_3-15-80284-13038511284747988678_1.darshan,mdtest_meta_shared_n1000_r16_rep1,slurm_out,metadata_intensity=1,audited targets: metadata_intensity,0,1,0,0,0,0,0,0,0,0,1,0,0,0,0,0,0,0
mdtest,16651414,mbanisha_mdtest_id16651414-3909839_3-15-80346-13741057825521411075_1.darshan,mdtest_meta_shared_n1000_r16_rep2,slurm_out,metadata_intensity=1,audited targets: metadata_intensity,0,1,0,0,0,0,0,0,0,0,1,0,0,0,0,0,0,0
mdtest,16651415,mbanisha_mdtest_id16651415-3910455_3-15-80408-15663801031059116878_1.darshan,mdtest_meta_shared_n1000_r16_rep3,slurm_out,metadata_intensity=1,audited targets: metadata_intensity,0,1,0,0,0,0,0,0,0,0,1,0,0,0,0,0,0,0
mdtest,16651416,mbanisha_mdtest_id16651416-3441818_3-15-80472-2589812513024029855_1.darshan,mdtest_meta_shared_n5000_r4_rep1,slurm_out,metadata_intensity=1,audited targets: metadata_intensity,0,1,0,0,0,0,0,0,0,0,1,0,0,0,0,0,0,0
mdtest,16651417,mbanisha_mdtest_id16651417-1302894_3-15-80565-6350226758214478558_1.darshan,mdtest_meta_shared_n5000_r4_rep2,slurm_out,metadata_intensity=1,audited targets: metadata_intensity,0,1,0,0,0,0,0,0,0,0,1,0,0,0,0,0,0,0
mdtest,16651418,mbanisha_mdtest_id16651418-3914059_3-15-80720-1149430986170436105_1.darshan,mdtest_meta_shared_n5000_r4_rep3,slurm_out,metadata_intensity=1,audited targets: metadata_intensity,0,1,0,0,0,0,0,0,0,0,1,0,0,0,0,0,0,0
mdtest,16651419,mbanisha_mdtest_id16651419-1307028_3-15-80876-838687837058438124_1.darshan,mdtest_meta_shared_n5000_r16_rep1,slurm_out,metadata_intensity=1,audited targets: metadata_intensity,0,1,0,0,0,0,0,0,0,0,1,0,0,0,0,0,0,0
mdtest,16651420,mbanisha_mdtest_id16651420-1310551_3-15-81219-14376566112422062088_1.darshan,mdtest_meta_shared_n5000_r16_rep2,slurm_out,metadata_intensity=1,audited targets: metadata_intensity,0,1,0,0,0,0,0,0,0,0,1,0,0,0,0,0,0,0
mdtest,16651421,mbanisha_mdtest_id16651421-1314639_3-15-81561-8863841951480137350_1.darshan,mdtest_meta_shared_n5000_r16_rep3,slurm_out,metadata_intensity=1,audited targets: metadata_intensity,0,1,0,0,0,0,0,0,0,0,1,0,0,0,0,0,0,0
mdtest,16651422,mbanisha_mdtest_id16651422-1319568_3-15-81904-14277240622924252202_1.darshan,mdtest_meta_shared_n10000_r4_rep1,slurm_out,metadata_intensity=1,audited targets: metadata_intensity,0,1,0,0,0,0,0,0,0,0,1,0,0,0,0,0,0,0
mdtest,16651423,mbanisha_mdtest_id16651423-1322817_3-15-82214-5228077009737383541_1.darshan,mdtest_meta_shared_n10000_r4_rep2,slurm_out,metadata_intensity=1,audited targets: metadata_intensity,0,1,0,0,0,0,0,0,0,0,1,0,0,0,0,0,0,0
mdtest,16651424,mbanisha_mdtest_id16651424-1325318_3-15-82462-5344905751390581593_1.darshan,mdtest_meta_shared_n10000_r4_rep3,slurm_out,metadata_intensity=1,audited targets: metadata_intensity,0,1,0,0,0,0,0,0,0,0,1,0,0,0,0,0,0,0
mdtest,16651425,mbanisha_mdtest_id16651425-1329091_3-15-82711-12790675535103460806_1.darshan,mdtest_meta_shared_n10000_r16_rep1,slurm_out,metadata_intensity=1,audited targets: metadata_intensity,0,1,0,0,0,0,0,0,0,0,1,0,0,0,0,0,0,0
mdtest,16651427,mbanisha_mdtest_id16651427-1342377_3-15-83617-11680819629408149219_1.darshan,mdtest_meta_shared_n10000_r16_rep3,slurm_out,metadata_intensity=1,audited targets: metadata_intensity,0,1,0,0,0,0,0,0,0,0,1,0,0,0,0,0,0,0
mdtest,16651428,mbanisha_mdtest_id16651428-1345788_3-15-83961-4243467577283453650_1.darshan,mdtest_meta_shared_n50000_r4_rep1,slurm_out,metadata_intensity=1,audited targets: metadata_intensity,0,1,0,0,0,0,0,0,0,0,1,0,0,0,0,0,0,0
mdtest,16651429,mbanisha_mdtest_id16651429-2392220_3-15-85403-4026832446213587373_1.darshan,mdtest_meta_shared_n50000_r4_rep2,slurm_out,metadata_intensity=1,audited targets: metadata_intensity,0,1,0,0,0,0,0,0,0,0,1,0,0,0,0,0,0,0
mdtest,16651430,mbanisha_mdtest_id16651430-4157743_3-16-670-4038941141421226732_1.darshan,mdtest_meta_shared_n50000_r4_rep3,slurm_out,metadata_intensity=1,audited targets: metadata_intensity,0,1,0,0,0,0,0,0,0,0,1,0,0,0,0,0,0,0
mdtest,16651431,mbanisha_mdtest_id16651431-3554378_3-16-1995-4327075860098444626_1.darshan,mdtest_meta_shared_n50000_r16_rep1,slurm_out,metadata_intensity=1,audited targets: metadata_intensity,0,1,0,0,0,0,0,0,0,0,1,0,0,0,0,0,0,0
mdtest,16651432,mbanisha_mdtest_id16651432-156244_3-16-3131-10534312485699085083_1.darshan,mdtest_meta_shared_n50000_r16_rep2,slurm_out,metadata_intensity=1,audited targets: metadata_intensity,0,1,0,0,0,0,0,0,0,0,1,0,0,0,0,0,0,0
mdtest,16651433,mbanisha_mdtest_id16651433-4001770_3-16-4325-13901373070563838988_1.darshan,mdtest_meta_shared_n50000_r16_rep3,slurm_out,metadata_intensity=1,audited targets: metadata_intensity,0,1,0,0,0,0,0,0,0,0,1,0,0,0,0,0,0,0
mdtest,16651434,mbanisha_mdtest_id16651434-1417942_3-16-5733-13349717928134738200_1.darshan,mdtest_meta_unique_n5000_r4_rep1,none,metadata_intensity=1,stored run has a partial POSIX record set,0,0,0,0,0,0,0,0,0,0,0,0,0,0,0,0,0,0
mdtest,16651435,mbanisha_mdtest_id16651435-1501639_3-16-5898-13549213045160382002_1.darshan,mdtest_meta_unique_n5000_r4_rep2,none,metadata_intensity=1,stored run has a partial POSIX record set,0,0,0,0,0,0,0,0,0,0,0,0,0,0,0,0,0,0
mdtest,16651436,mbanisha_mdtest_id16651436-3538153_3-16-6059-11996174884133026241_1.darshan,mdtest_meta_unique_n5000_r4_rep3,none,metadata_intensity=1,stored run has a partial POSIX record set,0,0,0,0,0,0,0,0,0,0,0,0,0,0,0,0,0,0
mdtest,16651437,mbanisha_mdtest_id16651437-1503725_3-16-6187-9075067804691348360_1.darshan,mdtest_meta_unique_n5000_r16_rep1,none,metadata_intensity=1,stored run has a partial POSIX record set,0,0,0,0,0,0,0,0,0,0,0,0,0,0,0,0,0,0
mdtest,16651438,mbanisha_mdtest_id16651438-1505044_3-16-6346-9608194142612662696_1.darshan,mdtest_meta_unique_n5000_r16_rep2,none,metadata_intensity=1,stored run has a partial POSIX record set,0,0,0,0,0,0,0,0,0,0,0,0,0,0,0,0,0,0
mdtest,16651439,mbanisha_mdtest_id16651439-1507160_3-16-6533-7991302977983483921_1.darshan,mdtest_meta_unique_n5000_r16_rep3,none,metadata_intensity=1,stored run has a partial POSIX record set,0,0,0,0,0,0,0,0,0,0,0,0,0,0,0,0,0,0
mdtest,16651440,mbanisha_mdtest_id16651440-1508460_3-16-6689-12718204232238029344_1.darshan,mdtest_meta_unique_n5000_r64_rep1,none,metadata_intensity=1,stored run has a partial POSIX record set,0,0,0,0,0,0,0,0,0,0,0,0,0,0,0,0,0,0
mdtest,16651441,mbanisha_mdtest_id16651441-1510984_3-16-6938-17492604315556113836_1.darshan,mdtest_meta_unique_n5000_r64_rep2,none,metadata_intensity=1,stored run has a partial POSIX record set,0,0,0,0,0,0,0,0,0,0,0,0,0,0,0,0,0,0
mdtest,16651442,mbanisha_mdtest_id16651442-1512244_3-16-7125-12051432545776465244_1.darshan,mdtest_meta_unique_n5000_r64_rep3,none,metadata_intensity=1,stored run has a partial POSIX record set,0,0,0,0,0,0,0,0,0,0,0,0,0,0,0,0,0,0
mdtest,16653338,mbanisha_mdtest_id16653338-2445422_3-16-8308-5694200720127617019_1.darshan,mdtest_meta_shared_n1000_r4_rep1,slurm_out,metadata_intensity=1,audited targets: metadata_intensity,0,1,0,0,0,0,0,0,0,0,1,0,0,0,0,0,0,0
mdtest,16653339,mbanisha_mdtest_id16653339-2446510_3-16-8370-409414977753429602_1.darshan,mdtest_meta_shared_n1000_r4_rep2,slurm_out,metadata_intensity=1,audited targets: metadata_intensity,0,1,0,0,0,0,0,0,0,0,1,0,0,0,0,0,0,0
mdtest,16653340,mbanisha_mdtest_id16653340-2453701_3-16-8432-10478701029718763891_1.darshan,mdtest_meta_shared_n1000_r4_rep3,slurm_out,metadata_intensity=1,audited targets: metadata_intensity,0,1,0,0,0,0,0,0,0,0,1,0,0,0,0,0,0,0
mdtest,16653341,mbanisha_mdtest_id16653341-2740170_3-16-8495-9926833145112261959_1.darshan,mdtest_meta_shared_n1000_r16_rep1,slurm_out,metadata_intensity=1,audited targets: metadata_intensity,0,1,0,0,0,0,0,0,0,0,1,0,0,0,0,0,0,0
mdtest,16653342,mbanisha_mdtest_id16653342-3169566_3-16-8558-13056890163687083789_1.darshan,mdtest_meta_shared_n1000_r16_rep2,slurm_out,metadata_intensity=1,audited targets: metadata_intensity,0,1,0,0,0,0,0,0,0,0,1,0,0,0,0,0,0,0
mdtest,16653343,mbanisha_mdtest_id16653343-3177059_3-16-8651-9552578945953266031_1.darshan,mdtest_meta_shared_n1000_r16_rep3,slurm_out,metadata_intensity=1,audited targets: metadata_intensity,0,1,0,0,0,0,0,0,0,0,1,0,0,0,0,0,0,0
mdtest,16653344,mbanisha_mdtest_id16653344-3237079_3-16-8714-6037475022814080776_1.darshan,mdtest_meta_shared_n5000_r4_rep1,slurm_out,metadata_intensity=1,audited targets: metadata_intensity,0,1,0,0,0,0,0,0,0,0,1,0,0,0,0,0,0,0
mdtest,16653345,mbanisha_mdtest_id16653345-215363_3-16-8869-14813884877272592609_1.darshan,mdtest_meta_shared_n5000_r4_rep2,slurm_out,metadata_intensity=1,audited targets: metadata_intensity,0,1,0,0,0,0,0,0,0,0,1,0,0,0,0,0,0,0
mdtest,16653346,mbanisha_mdtest_id16653346-290506_3-16-9024-2525583044065512154_1.darshan,mdtest_meta_shared_n5000_r4_rep3,slurm_out,metadata_intensity=1,audited targets: metadata_intensity,0,1,0,0,0,0,0,0,0,0,1,0,0,0,0,0,0,0
mdtest,16653347,mbanisha_mdtest_id16653347-379848_3-16-9212-5028947778840622337_1.darshan,mdtest_meta_shared_n5000_r16_rep1,slurm_out,metadata_intensity=1,audited targets: metadata_intensity,0,1,0,0,0,0,0,0,0,0,1,0,0,0,0,0,0,0
mdtest,16653348,mbanisha_mdtest_id16653348-383215_3-16-9435-5985594630809132033_1.darshan,mdtest_meta_shared_n5000_r16_rep2,slurm_out,metadata_intensity=1,audited targets: metadata_intensity,0,1,0,0,0,0,0,0,0,0,1,0,0,0,0,0,0,0
mdtest,16653349,mbanisha_mdtest_id16653349-385294_3-16-9694-2633980304879841995_1.darshan,mdtest_meta_shared_n5000_r16_rep3,slurm_out,metadata_intensity=1,audited targets: metadata_intensity,0,1,0,0,0,0,0,0,0,0,1,0,0,0,0,0,0,0
mdtest,16653350,mbanisha_mdtest_id16653350-389371_3-16-10047-1806437954024148720_1.darshan,mdtest_meta_shared_n10000_r4_rep1,slurm_out,metadata_intensity=1,audited targets: metadata_intensity,0,1,0,0,0,0,0,0,0,0,1,0,0,0,0,0,0,0
mdtest,16653351,mbanisha_mdtest_id16653351-499186_3-16-10397-6715777798658727402_1.darshan,mdtest_meta_shared_n10000_r4_rep2,slurm_out,metadata_intensity=1,audited targets: metadata_intensity,0,1,0,0,0,0,0,0,0,0,1,0,0,0,0,0,0,0
mdtest,16653352,mbanisha_mdtest_id16653352-502371_3-16-10649-5857183373226023150_1.darshan,mdtest_meta_shared_n10000_r4_rep3,slurm_out,metadata_intensity=1,audited targets: metadata_intensity,0,1,0,0,0,0,0,0,0,0,1,0,0,0,0,0,0,0
mdtest,16653353,mbanisha_mdtest_id16653353-506155_3-16-10998-13351825874452325970_1.darshan,mdtest_meta_shared_n10000_r16_rep1,slurm_out,metadata_intensity=1,audited targets: metadata_intensity,0,1,0,0,0,0,0,0,0,0,1,0,0,0,0,0,0,0
mdtest,16653354,mbanisha_mdtest_id16653354-587724_3-16-11534-4085914481683917783_1.darshan,mdtest_meta_shared_n10000_r16_rep2,slurm_out,metadata_intensity=1,audited targets: metadata_intensity,0,1,0,0,0,0,0,0,0,0,1,0,0,0,0,0,0,0
mdtest,16653355,mbanisha_mdtest_id16653355-1525696_3-16-12281-16827040436955288576_1.darshan,mdtest_meta_shared_n10000_r16_rep3,slurm_out,metadata_intensity=1,audited targets: metadata_intensity,0,1,0,0,0,0,0,0,0,0,1,0,0,0,0,0,0,0
mdtest,16653356,mbanisha_mdtest_id16653356-1530478_3-16-12901-7814802643313097320_1.darshan,mdtest_meta_shared_n50000_r4_rep1,slurm_out,metadata_intensity=1,audited targets: metadata_intensity,0,1,0,0,0,0,0,0,0,0,1,0,0,0,0,0,0,0
mdtest,16653357,mbanisha_mdtest_id16653357-2620774_3-16-14669-1871822199704908042_1.darshan,mdtest_meta_shared_n50000_r4_rep2,slurm_out,metadata_intensity=1,audited targets: metadata_intensity,0,1,0,0,0,0,0,0,0,0,1,0,0,0,0,0,0,0
mdtest,16653358,mbanisha_mdtest_id16653358-840553_3-16-16658-3958266762066319831_1.darshan,mdtest_meta_shared_n50000_r4_rep3,slurm_out,metadata_intensity=1,audited targets: metadata_intensity,0,1,0,0,0,0,0,0,0,0,1,0,0,0,0,0,0,0
mdtest,16653359,mbanisha_mdtest_id16653359-1552655_3-16-17878-11609786070394220795_1.darshan,mdtest_meta_shared_n50000_r16_rep1,slurm_out,metadata_intensity=1,audited targets: metadata_intensity,0,1,0,0,0,0,0,0,0,0,1,0,0,0,0,0,0,0
mdtest,16653360,mbanisha_mdtest_id16653360-21297_3-16-19356-12238936064646881119_1.darshan,mdtest_meta_shared_n50000_r16_rep2,slurm_out,metadata_intensity=1,audited targets: metadata_intensity,0,1,0,0,0,0,0,0,0,0,1,0,0,0,0,0,0,0
mdtest,16653361,mbanisha_mdtest_id16653361-2764772_3-16-21620-98072578111903195_1.darshan,mdtest_meta_shared_n50000_r16_rep3,slurm_out,metadata_intensity=1,audited targets: metadata_intensity,0,1,0,0,0,0,0,0,0,0,1,0,0,0,0,0,0,0
mdtest,16653362,mbanisha_mdtest_id16653362-2556166_3-16-23259-14639931432125274804_1.darshan,mdtest_meta_unique_n5000_r4_rep1,none,metadata_intensity=1,stored run has a partial POSIX record set,0,0,0,0,0,0,0,0,0,0,0,0,0,0,0,0,0,0
mdtest,16653363,mbanisha_mdtest_id16653363-3840414_3-16-23449-9940329271189799620_1.darshan,mdtest_meta_unique_n5000_r4_rep2,none,metadata_intensity=1,stored run has a partial POSIX record set,0,0,0,0,0,0,0,0,0,0,0,0,0,0,0,0,0,0
mdtest,16653364,mbanisha_mdtest_id16653364-446139_3-16-23670-2251632240578907692_1.darshan,mdtest_meta_unique_n5000_r4_rep3,none,metadata_intensity=1,stored run has a partial POSIX record set,0,0,0,0,0,0,0,0,0,0,0,0,0,0,0,0,0,0
mdtest,16653365,mbanisha_mdtest_id16653365-2367225_3-16-23891-12931496765426742643_1.darshan,mdtest_meta_unique_n5000_r16_rep1,none,metadata_intensity=1,stored run has a partial POSIX record set,0,0,0,0,0,0,0,0,0,0,0,0,0,0,0,0,0,0
mdtest,16653366,mbanisha_mdtest_id16653366-4017697_3-16-24081-16255303292706364289_1.darshan,mdtest_meta_unique_n5000_r16_rep2,none,metadata_intensity=1,stored run has a partial POSIX record set,0,0,0,0,0,0,0,0,0,0,0,0,0,0,0,0,0,0
mdtest,16653367,mbanisha_mdtest_id16653367-832333_3-16-24334-4647563830565892968_1.darshan,mdtest_meta_unique_n5000_r16_rep3,none,metadata_intensity=1,stored run has a partial POSIX record set,0,0,0,0,0,0,0,0,0,0,0,0,0,0,0,0,0,0
mdtest,16653368,mbanisha_mdtest_id16653368-681456_3-16-24567-8816957506023104336_2.darshan,mdtest_meta_unique_n5000_r64_rep1,none,metadata_intensity=1,stored run has a partial POSIX record set,0,0,0,0,0,0,0,0,0,0,0,0,0,0,0,0,0,0
mdtest,16653369,mbanisha_mdtest_id16653369-604032_3-16-24819-10785566790914126751_1.darshan,mdtest_meta_unique_n5000_r64_rep2,none,metadata_intensity=1,stored run has a partial POSIX record set,0,0,0,0,0,0,0,0,0,0,0,0,0,0,0,0,0,0
mdtest,16653370,mbanisha_mdtest_id16653370-605204_3-16-25008-11356583484150094934_1.darshan,mdtest_meta_unique_n5000_r64_rep3,none,metadata_intensity=1,stored run has a partial POSIX record set,0,0,0,0,0,0,0,0,0,0,0,0,0,0,0,0,0,0
mdtest,16653371,mbanisha_mdtest_id16653371-3079774_3-16-25294-15955495504135851266_1.darshan,mdtest_meta_unique_n10000_r4_rep1,none,metadata_intensity=1,stored run has a partial POSIX record set,0,0,0,0,0,0,0,0,0,0,0,0,0,0,0,0,0,0
mdtest,16653372,mbanisha_mdtest_id16653372-1318524_3-16-25578-9757257070306116868_1.darshan,mdtest_meta_unique_n10000_r4_rep2,none,metadata_intensity=1,stored run has a partial POSIX record set,0,0,0,0,0,0,0,0,0,0,0,0,0,0,0,0,0,0
mdtest,16653373,mbanisha_mdtest_id16653373-3665385_3-16-25862-799249334869815234_1.darshan,mdtest_meta_unique_n10000_r4_rep3,none,metadata_intensity=1,stored run has a partial POSIX record set,0,0,0,0,0,0,0,0,0,0,0,0,0,0,0,0,0,0
mdtest,16653374,mbanisha_mdtest_id16653374-1599562_3-16-26147-9812973584163875387_1.darshan,mdtest_meta_unique_n10000_r16_rep1,none,metadata_intensity=1,stored run has a partial POSIX record set,0,0,0,0,0,0,0,0,0,0,0,0,0,0,0,0,0,0
mdtest,16653375,mbanisha_mdtest_id16653375-4126731_3-16-26463-9599354569674317868_1.darshan,mdtest_meta_unique_n10000_r16_rep2,none,metadata_intensity=1,stored run has a partial POSIX record set,0,0,0,0,0,0,0,0,0,0,0,0,0,0,0,0,0,0
mdtest,16653376,mbanisha_mdtest_id16653376-779927_3-16-26779-18265415340782222005_2.darshan,mdtest_meta_unique_n10000_r16_rep3,none,metadata_intensity=1,stored run has a partial POSIX record set,0,0,0,0,0,0,0,0,0,0,0,0,0,0,0,0,0,0
mdtest,16653377,mbanisha_mdtest_id16653377-1047589_3-16-27095-6312254187449147233_1.darshan,mdtest_meta_unique_n10000_r64_rep1,none,metadata_intensity=1,stored run has a partial POSIX record set,0,0,0,0,0,0,0,0,0,0,0,0,0,0,0,0,0,0
mdtest,16653378,mbanisha_mdtest_id16653378-3798595_3-16-27443-10316755043095649968_1.darshan,mdtest_meta_unique_n10000_r64_rep2,none,metadata_intensity=1,stored run has a partial POSIX record set,0,0,0,0,0,0,0,0,0,0,0,0,0,0,0,0,0,0
mdtest,16653379,mbanisha_mdtest_id16653379-4021388_3-16-27824-16973380887617373040_1.darshan,mdtest_meta_unique_n10000_r64_rep3,none,metadata_intensity=1,stored run has a partial POSIX record set,0,0,0,0,0,0,0,0,0,0,0,0,0,0,0,0,0,0
mdtest,16653380,mbanisha_mdtest_id16653380-2580855_3-16-28237-13265217802005686812_1.darshan,mdtest_meta_unique_n50000_r4_rep1,none,metadata_intensity=1,stored run has a partial POSIX record set,0,0,0,0,0,0,0,0,0,0,0,0,0,0,0,0,0,0
mdtest,16653381,mbanisha_mdtest_id16653381-133971_3-16-30197-18039296039549900728_1.darshan,mdtest_meta_unique_n50000_r4_rep2,none,metadata_intensity=1,stored run has a partial POSIX record set,0,0,0,0,0,0,0,0,0,0,0,0,0,0,0,0,0,0
mdtest,16653382,mbanisha_mdtest_id16653382-3156701_3-16-32283-9336700706824014813_1.darshan,mdtest_meta_unique_n50000_r4_rep3,none,metadata_intensity=1,stored run has a partial POSIX record set,0,0,0,0,0,0,0,0,0,0,0,0,0,0,0,0,0,0
mdtest,16653383,mbanisha_mdtest_id16653383-1989577_3-16-34488-5382372643589814137_1.darshan,mdtest_meta_unique_n50000_r16_rep1,none,metadata_intensity=1,stored run has a partial POSIX record set,0,0,0,0,0,0,0,0,0,0,0,0,0,0,0,0,0,0
mdtest,16653384,mbanisha_mdtest_id16653384-3409016_3-16-37298-1671647257242466_1.darshan,mdtest_meta_unique_n50000_r16_rep2,none,metadata_intensity=1,stored run has a partial POSIX record set,0,0,0,0,0,0,0,0,0,0,0,0,0,0,0,0,0,0
mdtest,16653385,mbanisha_mdtest_id16653385-1628156_3-16-39348-15720444518785969090_2.darshan,mdtest_meta_unique_n50000_r16_rep3,none,metadata_intensity=1,stored run has a partial POSIX record set,0,0,0,0,0,0,0,0,0,0,0,0,0,0,0,0,0,0
mdtest,16653386,mbanisha_mdtest_id16653386-1650095_3-16-41611-11060673217190599036_1.darshan,mdtest_meta_cross_n5000_r32_rep1,none,metadata_intensity=1,metadata construction is not a stable registered control,0,0,0,0,0,0,0,0,0,0,0,0,0,0,0,0,0,0
mdtest,16653387,mbanisha_mdtest_id16653387-1653792_3-16-42051-14557263031720119329_1.darshan,mdtest_meta_cross_n5000_r32_rep2,none,metadata_intensity=1,metadata construction is not a stable registered control,0,0,0,0,0,0,0,0,0,0,0,0,0,0,0,0,0,0
mdtest,16653388,mbanisha_mdtest_id16653388-1658451_3-16-42555-2590241988523580824_1.darshan,mdtest_meta_cross_n5000_r32_rep3,none,metadata_intensity=1,metadata construction is not a stable registered control,0,0,0,0,0,0,0,0,0,0,0,0,0,0,0,0,0,0
mdtest,16653389,mbanisha_mdtest_id16653389-812550_3-16-42998-2244374965330228739_1.darshan,mdtest_meta_cross_n5000_r64_rep1,none,metadata_intensity=1,metadata construction is not a stable registered control,0,0,0,0,0,0,0,0,0,0,0,0,0,0,0,0,0,0
mdtest,16653390,mbanisha_mdtest_id16653390-817916_3-16-43794-15037532981953015656_1.darshan,mdtest_meta_cross_n5000_r64_rep2,none,metadata_intensity=1,metadata construction is not a stable registered control,0,0,0,0,0,0,0,0,0,0,0,0,0,0,0,0,0,0
mdtest,16653391,mbanisha_mdtest_id16653391-99748_3-16-44536-6600842350749409603_1.darshan,mdtest_meta_cross_n5000_r64_rep3,none,metadata_intensity=1,metadata construction is not a stable registered control,0,0,0,0,0,0,0,0,0,0,0,0,0,0,0,0,0,0
mdtest,16653392,mbanisha_mdtest_id16653392-943638_3-16-46116-5923310899983102927_1.darshan,mdtest_meta_cross_n5000_r128_rep1,none,metadata_intensity=1,metadata construction is not a stable registered control,0,0,0,0,0,0,0,0,0,0,0,0,0,0,0,0,0,0
mdtest,16653393,mbanisha_mdtest_id16653393-956676_3-16-48093-10873007363311071472_1.darshan,mdtest_meta_cross_n5000_r128_rep2,none,metadata_intensity=1,metadata construction is not a stable registered control,0,0,0,0,0,0,0,0,0,0,0,0,0,0,0,0,0,0
mdtest,16653394,mbanisha_mdtest_id16653394-3290793_3-16-65044-8661388314654693097_1.darshan,mdtest_meta_cross_n5000_r128_rep3,none,metadata_intensity=1,metadata construction is not a stable registered control,0,0,0,0,0,0,0,0,0,0,0,0,0,0,0,0,0,0
mdtest,16653396,mbanisha_mdtest_id16653396-2754197_3-16-69297-2370534499269805926_1.darshan,mdtest_meta_cross_n10000_r32_rep2,none,metadata_intensity=1,metadata construction is not a stable registered control,0,0,0,0,0,0,0,0,0,0,0,0,0,0,0,0,0,0
mdtest,16653397,mbanisha_mdtest_id16653397-3833933_3-16-70941-15269533121076336640_1.darshan,mdtest_meta_cross_n10000_r32_rep3,none,metadata_intensity=1,metadata construction is not a stable registered control,0,0,0,0,0,0,0,0,0,0,0,0,0,0,0,0,0,0
mdtest,16653398,mbanisha_mdtest_id16653398-2841183_3-16-74844-8150876643772482535_1.darshan,mdtest_meta_cross_n10000_r64_rep1,none,metadata_intensity=1,metadata construction is not a stable registered control,0,0,0,0,0,0,0,0,0,0,0,0,0,0,0,0,0,0
mdtest,16653400,mbanisha_mdtest_id16653400-2833409_3-16-80638-13464574318138746662_1.darshan,mdtest_meta_cross_n10000_r64_rep3,none,metadata_intensity=1,metadata construction is not a stable registered control,0,0,0,0,0,0,0,0,0,0,0,0,0,0,0,0,0,0
mdtest,16653404,mbanisha_mdtest_id16653404-3299182_3-17-51842-18078566325499032353_1.darshan,mdtest_fpp_explosion_n100_r32_rep1,slurm_out,file_strategy=1,audited targets: file_strategy,0,0,0,0,0,0,1,0,0,0,0,0,0,0,0,1,0,0
mdtest,16653405,mbanisha_mdtest_id16653405-1541744_3-17-51881-11541725461487848146_1.darshan,mdtest_fpp_explosion_n100_r32_rep2,slurm_out,file_strategy=1,audited targets: file_strategy,0,0,0,0,0,0,1,0,0,0,0,0,0,0,0,1,0,0
mdtest,16653406,mbanisha_mdtest_id16653406-3424688_3-17-51920-5060358017956744700_1.darshan,mdtest_fpp_explosion_n100_r32_rep3,slurm_out,file_strategy=1,audited targets: file_strategy,0,0,0,0,0,0,1,0,0,0,0,0,0,0,0,1,0,0
mdtest,16653407,mbanisha_mdtest_id16653407-3320647_3-17-51959-6578744036764289784_1.darshan,mdtest_fpp_explosion_n100_r64_rep1,slurm_out,file_strategy=1,audited targets: file_strategy,0,0,0,0,0,0,1,0,0,0,0,0,0,0,0,1,0,0
mdtest,16653408,mbanisha_mdtest_id16653408-3330460_3-17-51997-3532593053718028193_1.darshan,mdtest_fpp_explosion_n100_r64_rep2,slurm_out,file_strategy=1,audited targets: file_strategy,0,0,0,0,0,0,1,0,0,0,0,0,0,0,0,1,0,0
mdtest,16653409,mbanisha_mdtest_id16653409-3338991_3-17-52037-10764555253472444505_1.darshan,mdtest_fpp_explosion_n100_r64_rep3,slurm_out,file_strategy=1,audited targets: file_strategy,0,0,0,0,0,0,1,0,0,0,0,0,0,0,0,1,0,0
mdtest,16653410,mbanisha_mdtest_id16653410-2684115_3-17-52414-9893628882414940342_1.darshan,mdtest_fpp_explosion_n100_r128_rep1,slurm_out,file_strategy=1,audited targets: file_strategy,0,0,0,0,0,0,1,0,0,0,0,0,0,0,0,1,0,0
mdtest,16653411,mbanisha_mdtest_id16653411-1682459_3-17-52533-8251616681463964160_1.darshan,mdtest_fpp_explosion_n100_r128_rep2,slurm_out,file_strategy=1,audited targets: file_strategy,0,0,0,0,0,0,1,0,0,0,0,0,0,0,0,1,0,0
mdtest,16653412,mbanisha_mdtest_id16653412-1683154_3-17-52573-8645756475931505542_1.darshan,mdtest_fpp_explosion_n100_r128_rep3,slurm_out,file_strategy=1,audited targets: file_strategy,0,0,0,0,0,0,1,0,0,0,0,0,0,0,0,1,0,0
mdtest,16653413,mbanisha_mdtest_id16653413-3485093_3-17-52654-4384787054819386682_1.darshan,mdtest_fpp_explosion_n500_r32_rep1,slurm_out,file_strategy=1,audited targets: file_strategy,0,0,0,0,0,0,1,0,0,0,0,0,0,0,0,1,0,0
mdtest,16653414,mbanisha_mdtest_id16653414-4183878_3-17-52733-7049058498790440908_1.darshan,mdtest_fpp_explosion_n500_r32_rep2,slurm_out,file_strategy=1,audited targets: file_strategy,0,0,0,0,0,0,1,0,0,0,0,0,0,0,0,1,0,0
mdtest,16653415,mbanisha_mdtest_id16653415-684122_3-17-52813-5647726151558368552_1.darshan,mdtest_fpp_explosion_n500_r32_rep3,slurm_out,file_strategy=1,audited targets: file_strategy,0,0,0,0,0,0,1,0,0,0,0,0,0,0,0,1,0,0
mdtest,16653416,mbanisha_mdtest_id16653416-3619058_3-17-52895-5192661152085499542_1.darshan,mdtest_fpp_explosion_n500_r64_rep1,slurm_out,file_strategy=1,audited targets: file_strategy,0,0,0,0,0,0,1,0,0,0,0,0,0,0,0,1,0,0
mdtest,16653417,mbanisha_mdtest_id16653417-503997_3-17-53023-5023671754710735309_1.darshan,mdtest_fpp_explosion_n500_r64_rep2,slurm_out,file_strategy=1,audited targets: file_strategy,0,0,0,0,0,0,1,0,0,0,0,0,0,0,0,1,0,0
mdtest,16653418,mbanisha_mdtest_id16653418-1127130_3-17-53099-3983989066171427453_1.darshan,mdtest_fpp_explosion_n500_r64_rep3,slurm_out,file_strategy=1,audited targets: file_strategy,0,0,0,0,0,0,1,0,0,0,0,0,0,0,0,1,0,0
mdtest,16653419,mbanisha_mdtest_id16653419-3794507_3-17-53141-13161023273557955443_1.darshan,mdtest_fpp_explosion_n500_r128_rep1,slurm_out,file_strategy=1,audited targets: file_strategy,0,0,0,0,0,0,1,0,0,0,0,0,0,0,0,1,0,0
mdtest,16653420,mbanisha_mdtest_id16653420-2447780_3-17-53220-3033493699887706875_1.darshan,mdtest_fpp_explosion_n500_r128_rep2,slurm_out,file_strategy=1,audited targets: file_strategy,0,0,0,0,0,0,1,0,0,0,0,0,0,0,0,1,0,0
mdtest,16653421,mbanisha_mdtest_id16653421-2448715_3-17-53300-2078963905610985357_1.darshan,mdtest_fpp_explosion_n500_r128_rep3,slurm_out,file_strategy=1,audited targets: file_strategy,0,0,0,0,0,0,1,0,0,0,0,0,0,0,0,1,0,0
mdtest,16653422,mbanisha_mdtest_id16653422-3431386_3-17-53380-13765588120522240378_1.darshan,mdtest_fpp_explosion_n1000_r32_rep1,slurm_out,file_strategy=1,audited targets: file_strategy,0,0,0,0,0,0,1,0,0,0,0,0,0,0,0,1,0,0
mdtest,16653423,mbanisha_mdtest_id16653423-4079800_3-17-53458-10180274624064546201_1.darshan,mdtest_fpp_explosion_n1000_r32_rep2,slurm_out,file_strategy=1,audited targets: file_strategy,0,0,0,0,0,0,1,0,0,0,0,0,0,0,0,1,0,0
mdtest,16653424,mbanisha_mdtest_id16653424-537311_3-17-53537-8922800476704893647_1.darshan,mdtest_fpp_explosion_n1000_r32_rep3,slurm_out,file_strategy=1,audited targets: file_strategy,0,0,0,0,0,0,1,0,0,0,0,0,0,0,0,1,0,0
mdtest,16804880,mbanisha_mdtest_id16804880-2464133_3-18-54201-16130011596521786118_68.darshan,mdtest_fpp_explosion_n1000_r128_rep1,slurm_out,file_strategy=1,audited targets: file_strategy,0,0,0,0,0,0,1,0,0,0,0,0,0,0,0,1,0,0
mdtest,16804881,mbanisha_mdtest_id16804881-2109687_3-18-54713-13653211355694772893_68.darshan,mdtest_fpp_explosion_n1000_r128_rep2,slurm_out,file_strategy=1,audited targets: file_strategy,0,0,0,0,0,0,1,0,0,0,0,0,0,0,0,1,0,0
mdtest,16804882,mbanisha_mdtest_id16804882-2111366_3-18-54919-13271008311039852332_74.darshan,mdtest_fpp_explosion_n1000_r128_rep3,slurm_out,file_strategy=1,audited targets: file_strategy,0,0,0,0,0,0,1,0,0,0,0,0,0,0,0,1,0,0
mdtest,16804886,mbanisha_mdtest_id16804886-2113833_3-18-55239-12351265799326832961_67.darshan,mdtest_fpp_explosion_n5000_r128_rep1,slurm_out,file_strategy=1,audited targets: file_strategy,0,0,0,0,0,0,1,0,0,0,0,0,0,0,0,1,0,0
mdtest,16804887,mbanisha_mdtest_id16804887-2116779_3-18-55694-15313459535180456927_73.darshan,mdtest_fpp_explosion_n5000_r128_rep2,slurm_out,file_strategy=1,audited targets: file_strategy,0,0,0,0,0,0,1,0,0,0,0,0,0,0,0,1,0,0
mdtest,16804888,mbanisha_mdtest_id16804888-2119495_3-18-56117-11960680695241644677_64.darshan,mdtest_fpp_explosion_n5000_r128_rep3,slurm_out,file_strategy=1,audited targets: file_strategy,0,0,0,0,0,0,1,0,0,0,0,0,0,0,0,1,0,0
