{
  "gpt-4o": {
    "n_valid": 488,
    "n_errors": 0,
    "n_parse_errors": 0,
    "n_healthy": 78,
    "n_traces_with_recs": 405,
    "groundedness_mean": 0.8288934426229508,
    "groundedness_std": 0.37592127941585934,
    "rec_precision_mean": 0.8983539094650207,
    "rec_precision_std": 0.26532074098828135,
    "latency_mean_ms": 3919.7946721311478,
    "latency_std_ms": 2047.557245644899,
    "tokens_mean": 1638.530737704918,
    "avg_recommendations": 1.0307377049180328
  }
}