{
  "gpt-4.1-mini": {
    "n_valid": 488,
    "n_errors": 0,
    "n_parse_errors": 0,
    "n_healthy": 78,
    "n_traces_with_recs": 405,
    "groundedness_mean": 0.8285519125683061,
    "groundedness_std": 0.37568989064828723,
    "rec_precision_mean": 0.917283950617284,
    "rec_precision_std": 0.25027343680816905,
    "latency_mean_ms": 8231.32930327869,
    "latency_std_ms": 4796.795147858023,
    "tokens_mean": 1783.9282786885246,
    "avg_recommendations": 1.0901639344262295
  }
}