module,rank,record id,file name,mount pt,fs type,HEATMAP_F_BIN_WIDTH_SECONDS,HEATMAP_READ_BIN_0,HEATMAP_READ_BIN_1,HEATMAP_READ_BIN_2,HEATMAP_READ_BIN_3,HEATMAP_WRITE_BIN_0,HEATMAP_WRITE_BIN_1,HEATMAP_WRITE_BIN_2,HEATMAP_WRITE_BIN_3
HEATMAP,0,16592106915301738621,heatmap:POSIX,UNKNOWN,UNKNOWN,0.100000,0,0,3948032,2605568,405549,6148051,0,0
HEATMAP,0,3989511027826779520,heatmap:STDIO,UNKNOWN,UNKNOWN,0.100000,0,0,0,0,1424,0,115,1103
HEATMAP,1,16592106915301738621,heatmap:POSIX,UNKNOWN,UNKNOWN,0.100000,0,0,3484956,3068644,121,4501617,2051862,0
HEATMAP,10,16592106915301738621,heatmap:POSIX,UNKNOWN,UNKNOWN,0.100000,0,0,3957975,2595625,410,6553190,0,0
HEATMAP,11,16592106915301738621,heatmap:POSIX,UNKNOWN,UNKNOWN,0.100000,0,0,3966464,2587136,141,5185213,1368246,0
HEATMAP,12,16592106915301738621,heatmap:POSIX,UNKNOWN,UNKNOWN,0.100000,0,0,3894077,2659523,315820,6237780,0,0
HEATMAP,13,16592106915301738621,heatmap:POSIX,UNKNOWN,UNKNOWN,0.100000,0,0,4071151,2482449,340223,6213377,0,0
HEATMAP,14,16592106915301738621,heatmap:POSIX,UNKNOWN,UNKNOWN,0.100000,0,0,4071424,2482176,201,6492059,61340,0
HEATMAP,15,16592106915301738621,heatmap:POSIX,UNKNOWN,UNKNOWN,0.100000,0,0,2972160,3581440,255,5537537,1015808,0
HEATMAP,2,16592106915301738621,heatmap:POSIX,UNKNOWN,UNKNOWN,0.100000,0,0,3872420,2681180,648110,5905490,0,0
HEATMAP,3,16592106915301738621,heatmap:POSIX,UNKNOWN,UNKNOWN,0.100000,0,0,3997092,2556508,180058,6373542,0,0
HEATMAP,4,16592106915301738621,heatmap:POSIX,UNKNOWN,UNKNOWN,0.100000,0,0,3944585,2609015,193,6277439,275968,0
HEATMAP,5,16592106915301738621,heatmap:POSIX,UNKNOWN,UNKNOWN,0.100000,0,0,3822602,2730998,465,6553135,0,0
HEATMAP,6,16592106915301738621,heatmap:POSIX,UNKNOWN,UNKNOWN,0.100000,0,0,3977566,2576034,317440,6236160,0,0
HEATMAP,7,16592106915301738621,heatmap:POSIX,UNKNOWN,UNKNOWN,0.100000,0,0,3731456,2822144,166,5156919,1396515,0
HEATMAP,8,16592106915301738621,heatmap:POSIX,UNKNOWN,UNKNOWN,0.100000,0,0,4005693,2547907,484338,6069262,0,0
HEATMAP,9,16592106915301738621,heatmap:POSIX,UNKNOWN,UNKNOWN,0.100000,0,0,3445248,3108352,158024,6384824,10752,0
