{
  "claude-sonnet-4": {
    "n_valid": 488,
    "n_errors": 0,
    "n_parse_errors": 0,
    "n_healthy": 78,
    "n_traces_with_recs": 466,
    "groundedness_mean": 0.9549180327868853,
    "groundedness_std": 0.2074839353909367,
    "rec_precision_mean": 0.7968526466380544,
    "rec_precision_std": 0.38724244750067055,
    "latency_mean_ms": 11762.74549180328,
    "latency_std_ms": 4556.545818899857,
    "tokens_mean": 2287.7131147540986,
    "avg_recommendations": 1.5061475409836065
  }
}